"State","County","Year","Days with AQI","Good Days","Moderate Days","Unhealthy for Sensitive Groups Days","Unhealthy Days","Very Unhealthy Days","Hazardous Days","Max AQI","90th Percentile AQI","Median AQI","Days CO","Days NO2","Days Ozone","Days SO2","Days PM2.5","Days PM10"
"Alabama","Clay",1999,273,117,97,49,10,0,0,182,122,58,0,0,210,0,63,0
"Alabama","Colbert",1999,359,276,71,11,1,0,0,166,73,11,0,0,0,284,75,0
"Alabama","DeKalb",1999,114,35,74,5,0,0,0,134,88,59,0,0,0,0,105,9
"Alabama","Elmore",1999,241,157,71,12,1,0,0,151,87,45,0,0,241,0,0,0
"Alabama","Escambia",1999,58,57,1,0,0,0,0,52,35,20,0,0,0,0,0,58
"Alabama","Etowah",1999,59,56,3,0,0,0,0,56,46,27,0,0,0,0,0,59
"Alabama","Houston",1999,74,18,53,3,0,0,0,144,92,64,0,0,0,0,70,4
"Alabama","Jackson",1999,354,279,52,21,2,0,0,154,85,14,0,0,0,354,0,0
"Alabama","Jefferson",1999,365,19,235,71,34,6,0,273,152,82,36,0,66,16,223,24
"Alabama","Lawrence",1999,365,215,102,41,7,0,0,182,108,44,0,0,210,103,52,0
"Alabama","Madison",1999,364,201,115,33,15,0,0,182,105,48,7,0,275,0,68,14
"Alabama","Marengo",1999,54,52,2,0,0,0,0,51,41,26,0,0,0,0,0,54
"Alabama","Mobile",1999,365,128,129,97,11,0,0,179,129,65,0,0,120,172,71,2
"Alabama","Montgomery",1999,307,147,133,22,5,0,0,200,97,51,0,0,170,0,97,40
"Alabama","Morgan",1999,102,30,65,5,2,0,0,155,96,64,0,0,0,0,92,10
"Alabama","Pike",1999,57,57,0,0,0,0,0,42,31,19,0,0,0,0,0,57
"Alabama","Russell",1999,104,22,74,7,1,0,0,153,98,64,0,0,0,0,98,6
"Alabama","Shelby",1999,271,103,108,37,20,3,0,212,133,59,0,0,204,0,57,10
"Alabama","Sumter",1999,259,152,96,11,0,0,0,143,78,46,0,0,169,0,90,0
"Alabama","Talladega",1999,114,37,61,16,0,0,0,137,105,60,0,0,0,0,102,12
"Alabama","Tuscaloosa",1999,115,26,82,7,0,0,0,125,93,61,0,0,0,0,106,9
"Alabama","Walker",1999,103,37,59,7,0,0,0,116,84,60,0,0,0,0,88,15
"Alaska","Anchorage ",1999,313,252,58,2,1,0,0,158,60,33,134,0,0,0,69,110
"Alaska","Denali ",1999,362,359,3,0,0,0,0,65,44,31,0,0,358,0,4,0
"Alaska","Fairbanks North Star ",1999,237,188,45,4,0,0,0,130,65,30,174,0,0,0,53,10
"Alaska","Juneau ",1999,120,118,2,0,0,0,0,83,29,9,0,0,0,0,62,58
"Alaska","Ketchikan Gateway ",1999,12,12,0,0,0,0,0,30,21,12,0,0,0,0,12,0
"Alaska","Matanuska-Susitna ",1999,120,101,15,3,1,0,0,154,67,16,0,0,0,0,79,41
"Arizona","Cochise",1999,355,232,118,5,0,0,0,129,74,47,0,0,323,0,8,24
"Arizona","Coconino",1999,361,214,132,15,0,0,0,136,84,49,0,0,349,0,12,0
"Arizona","Gila",1999,365,80,165,115,5,0,0,200,119,80,0,0,108,240,11,6
"Arizona","Graham",1999,31,25,6,0,0,0,0,86,62,31,0,0,0,0,0,31
"Arizona","Maricopa",1999,365,5,168,170,22,0,0,185,140,101,2,125,218,0,7,13
"Arizona","Mohave",1999,60,57,3,0,0,0,0,93,43,28,0,0,0,0,0,60
"Arizona","Navajo",1999,134,133,1,0,0,0,0,58,28,15,0,0,0,0,96,38
"Arizona","Pima",1999,365,118,230,16,1,0,0,151,87,57,0,29,212,0,48,76
"Arizona","Pinal",1999,293,225,50,18,0,0,0,138,66,25,0,0,0,195,98,0
"Arizona","Santa Cruz",1999,59,28,28,3,0,0,0,135,78,52,0,0,0,0,42,17
"Arizona","Yavapai",1999,282,101,146,33,2,0,0,159,105,61,0,0,267,0,0,15
"Arizona","Yuma",1999,244,168,60,15,1,0,0,154,87,42,0,0,208,0,0,36
"Arkansas","Arkansas",1999,28,8,19,1,0,0,0,104,80,66,0,0,0,0,28,0
"Arkansas","Ashley",1999,28,5,23,0,0,0,0,92,86,65,0,0,0,0,28,0
"Arkansas","Craighead",1999,27,6,19,2,0,0,0,112,84,59,0,0,0,0,27,0
"Arkansas","Crittenden",1999,365,227,93,33,12,0,0,197,112,44,0,0,338,0,27,0
"Arkansas","Garland",1999,21,11,10,0,0,0,0,75,71,48,0,0,0,0,21,0
"Arkansas","Jefferson",1999,25,12,13,0,0,0,0,87,82,52,0,0,0,0,25,0
"Arkansas","Marion",1999,20,13,7,0,0,0,0,74,63,45,0,0,0,0,20,0
"Arkansas","Miller",1999,101,81,18,2,0,0,0,124,65,20,0,0,0,90,11,0
"Arkansas","Montgomery",1999,362,311,43,8,0,0,0,147,64,34,0,0,362,0,0,0
"Arkansas","Newton",1999,348,222,103,22,1,0,0,154,90,44,0,0,310,0,38,0
"Arkansas","Phillips",1999,22,9,13,0,0,0,0,92,74,55,0,0,0,0,22,0
"Arkansas","Polk",1999,24,15,9,0,0,0,0,71,61,46,0,0,0,0,24,0
"Arkansas","Pope",1999,24,10,13,1,0,0,0,104,75,60,0,0,0,0,24,0
"Arkansas","Pulaski",1999,365,198,138,25,4,0,0,182,97,47,15,40,205,0,102,3
"Arkansas","Sebastian",1999,55,21,34,0,0,0,0,84,70,54,0,0,0,0,55,0
"Arkansas","Union",1999,352,300,48,4,0,0,0,115,60,16,0,0,0,328,24,0
"Arkansas","Washington",1999,44,21,23,0,0,0,0,89,67,52,0,0,0,0,44,0
"California","Alameda",1999,365,258,81,19,5,2,0,212,87,41,4,134,171,0,54,2
"California","Amador",1999,364,211,89,53,10,1,0,202,122,45,4,0,360,0,0,0
"California","Butte",1999,365,237,98,23,7,0,0,187,97,44,6,79,225,0,29,26
"California","Calaveras",1999,364,195,104,49,15,1,0,201,129,49,0,0,348,0,16,0
"California","Colusa",1999,365,235,110,20,0,0,0,150,87,44,0,0,277,0,33,55
"California","Contra Costa",1999,365,256,83,18,6,2,0,218,87,42,0,70,210,15,64,6
"California","Del Norte",1999,141,134,6,0,1,0,0,163,33,14,0,0,0,0,94,47
"California","El Dorado",1999,365,151,124,51,35,4,0,214,151,58,0,25,333,0,7,0
"California","Fresno",1999,365,59,106,88,106,6,0,219,182,108,6,38,232,0,89,0
"California","Glenn",1999,365,241,99,24,1,0,0,169,93,44,0,0,335,0,0,30
"California","Humboldt",1999,68,54,13,1,0,0,0,104,58,27,0,0,0,0,55,13
"California","Imperial",1999,365,71,186,86,20,2,0,217,140,77,25,34,259,0,30,17
"California","Inyo",1999,365,152,155,39,8,0,3,2797,115,58,0,0,300,0,7,58
"California","Kern",1999,365,62,107,72,111,13,0,207,179,108,0,37,241,0,83,4
"California","Kings",1999,362,152,105,76,28,1,0,206,147,64,0,43,266,0,33,20
"California","Lake",1999,364,320,41,3,0,0,0,105,54,32,0,0,358,0,5,1
"California","Lassen",1999,53,46,7,0,0,0,0,73,54,28,0,0,0,0,0,53
"California","Los Angeles",1999,365,17,180,140,27,1,0,203,140,97,13,166,86,3,93,4
"California","Madera",1999,362,232,86,34,10,0,0,174,105,44,0,63,299,0,0,0
"California","Marin",1999,363,335,27,1,0,0,0,133,47,32,0,168,154,0,37,4
"California","Mariposa",1999,355,157,106,71,21,0,0,200,140,61,0,0,347,0,4,4
"California","Mendocino",1999,365,335,29,1,0,0,0,101,48,33,21,44,269,0,25,6
"California","Merced",1999,365,155,89,73,45,3,0,213,159,71,0,47,291,0,24,3
"California","Modoc",1999,61,52,8,1,0,0,0,112,57,25,0,0,0,0,41,20
"California","Mono",1999,117,116,1,0,0,0,0,90,24,11,0,0,0,0,0,117
"California","Monterey",1999,365,314,50,1,0,0,0,105,58,38,0,20,285,0,48,12
"California","Napa",1999,364,339,19,5,1,0,0,161,45,32,12,108,240,0,0,4
"California","Nevada",1999,365,131,138,68,28,0,0,195,143,67,0,0,338,0,11,16
"California","Orange",1999,365,129,184,47,5,0,0,164,105,63,0,125,124,0,112,4
"California","Placer",1999,365,172,107,59,25,2,0,208,136,57,0,52,283,0,18,12
"California","Plumas",1999,360,231,115,10,4,0,0,170,84,47,0,0,306,0,51,3
"California","Riverside",1999,365,54,142,101,62,6,0,219,166,95,1,65,202,0,91,6
"California","Sacramento",1999,365,152,120,52,36,5,0,225,154,58,5,42,205,0,106,7
"California","San Benito",1999,363,238,101,24,0,0,0,150,87,45,0,0,354,0,7,2
"California","San Bernardino",1999,365,16,163,85,72,29,0,239,190,101,0,88,209,0,63,5
"California","San Diego",1999,365,30,231,87,17,0,0,187,129,82,0,43,181,5,134,2
"California","San Francisco",1999,365,282,67,14,2,0,0,159,69,37,3,135,128,0,97,2
"California","San Joaquin",1999,365,225,91,34,13,2,0,208,115,46,8,96,193,0,62,6
"California","San Luis Obispo",1999,365,155,161,49,0,0,0,143,104,58,0,18,193,145,8,1
"California","San Mateo",1999,362,312,47,2,1,0,0,153,56,32,4,188,110,0,59,1
"California","Santa Barbara",1999,365,171,163,30,0,1,0,205,97,51,2,54,296,1,8,4
"California","Santa Clara",1999,362,227,99,25,11,0,0,192,100,44,2,94,162,0,103,1
"California","Santa Cruz",1999,365,318,44,3,0,0,0,105,54,36,0,8,297,0,51,9
"California","Shasta",1999,364,195,105,51,13,0,0,182,126,50,0,0,345,0,19,0
"California","Sierra",1999,58,57,1,0,0,0,0,57,36,22,0,0,0,0,0,58
"California","Siskiyou",1999,362,337,25,0,0,0,0,90,47,33,0,0,349,0,0,13
"California","Solano",1999,365,271,63,25,5,1,0,201,90,40,11,73,243,0,36,2
"California","Sonoma",1999,365,306,47,10,2,0,0,154,61,38,1,59,261,0,42,2
"California","Stanislaus",1999,365,195,116,30,24,0,0,197,126,49,5,80,203,0,64,13
"California","Sutter",1999,365,194,104,55,12,0,0,179,126,49,8,56,272,0,20,9
"California","Tehama",1999,342,175,95,53,17,2,0,203,129,50,0,0,336,0,0,6
"California","Trinity",1999,61,57,4,0,0,0,0,73,43,18,0,0,0,0,0,61
"California","Tulare",1999,365,105,88,78,86,8,0,207,181,97,1,53,248,0,63,0
"California","Tuolumne",1999,365,176,88,77,24,0,0,195,140,58,9,0,356,0,0,0
"California","Ventura",1999,365,129,153,62,19,2,0,207,133,61,0,48,281,0,35,1
"California","Yolo",1999,365,251,81,25,8,0,0,172,97,44,0,58,269,0,32,6
"Canada","New Brunswick",1999,188,179,7,2,0,0,0,133,47,34,0,0,188,0,0,0
"Colorado","Adams",1999,365,164,191,10,0,0,0,136,80,51,1,137,129,46,17,35
"Colorado","Alamosa",1999,315,296,17,1,1,0,0,155,39,17,0,0,0,0,47,268
"Colorado","Arapahoe",1999,359,258,90,10,1,0,0,195,74,42,0,0,339,0,20,0
"Colorado","Archuleta",1999,326,313,13,0,0,0,0,92,39,23,0,0,0,0,0,326
"Colorado","Boulder",1999,365,300,59,5,1,0,0,151,64,37,84,0,222,0,53,6
"Colorado","Delta",1999,61,57,3,0,0,0,1,357,44,23,0,0,0,0,0,61
"Colorado","Denver",1999,365,225,136,4,0,0,0,122,71,47,44,108,122,14,36,41
"Colorado","Douglas",1999,181,111,61,9,0,0,0,129,84,48,0,0,154,0,0,27
"Colorado","Eagle",1999,49,49,0,0,0,0,0,36,24,10,0,0,0,0,0,49
"Colorado","El Paso",1999,365,292,71,2,0,0,0,136,64,44,12,114,183,32,10,14
"Colorado","Elbert",1999,67,67,0,0,0,0,0,46,24,15,0,0,0,0,67,0
"Colorado","Fremont",1999,59,57,2,0,0,0,0,85,28,11,0,0,0,0,0,59
"Colorado","Garfield",1999,62,60,1,0,0,1,0,205,39,19,0,0,0,0,0,62
"Colorado","Gunnison",1999,346,299,46,1,0,0,0,104,52,24,0,0,0,0,0,346
"Colorado","Jackson",1999,95,94,1,0,0,0,0,80,16,9,0,0,0,0,95,0
"Colorado","Jefferson",1999,365,237,105,21,2,0,0,166,90,44,7,37,318,0,0,3
"Colorado","La Plata",1999,364,235,123,6,0,0,0,147,74,46,0,5,248,0,0,111
"Colorado","Larimer",1999,365,256,102,7,0,0,0,150,77,45,11,0,346,0,7,1
"Colorado","Mesa",1999,364,353,11,0,0,0,0,95,42,25,234,0,0,0,60,70
"Colorado","Montezuma",1999,346,228,114,4,0,0,0,106,77,48,0,0,338,0,8,0
"Colorado","Montrose",1999,107,86,20,0,0,0,1,390,55,31,0,0,0,0,0,107
"Colorado","Pitkin",1999,363,349,14,0,0,0,0,78,38,22,0,0,0,0,7,356
"Colorado","Prowers",1999,365,334,30,1,0,0,0,125,47,24,0,0,0,0,0,365
"Colorado","Pueblo",1999,118,115,3,0,0,0,0,54,42,26,0,0,0,0,54,64
"Colorado","Routt",1999,319,288,31,0,0,0,0,97,50,18,0,0,0,0,28,291
"Colorado","San Juan",1999,97,96,1,0,0,0,0,67,20,12,0,0,0,0,97,0
"Colorado","San Miguel",1999,311,303,7,1,0,0,0,135,34,20,0,0,0,0,0,311
"Colorado","Summit",1999,121,119,2,0,0,0,0,54,36,17,0,0,0,0,0,121
"Colorado","Teller",1999,260,241,19,0,0,0,0,71,47,24,0,0,0,0,0,260
"Colorado","Weld",1999,365,283,79,3,0,0,0,108,67,39,55,0,271,0,36,3
"Connecticut","Fairfield",1999,365,208,118,17,14,8,0,229,105,48,12,99,132,60,60,2
"Connecticut","Hartford",1999,365,229,115,10,11,0,0,200,77,44,27,74,126,1,123,14
"Connecticut","Litchfield",1999,211,127,53,19,12,0,0,195,126,46,0,0,183,0,0,28
"Connecticut","Middlesex",1999,360,297,38,11,10,4,0,224,84,37,0,0,360,0,0,0
"Connecticut","New Haven",1999,365,189,140,20,11,5,0,226,100,50,0,122,108,28,84,23
"Connecticut","New London",1999,243,164,54,16,8,1,0,228,101,44,0,0,176,4,55,8
"Connecticut","Tolland",1999,205,135,46,13,11,0,0,190,115,44,0,14,180,11,0,0
"Country Of Mexico","BAJA CALIFORNIA NORTE",1999,365,33,126,107,56,40,3,404,205,109,94,35,149,45,0,42
"Country Of Mexico","CHIHUAHUA STATE",1999,286,109,144,30,1,0,1,1733,101,60,70,0,181,0,0,35
"Country Of Mexico","SONORA",1999,58,18,39,1,0,0,0,122,83,60,0,0,0,0,0,58
"Delaware","Kent",1999,266,141,84,29,11,1,0,205,126,50,0,0,205,0,61,0
"Delaware","New Castle",1999,365,89,192,67,13,4,0,215,126,67,0,17,98,111,139,0
"Delaware","Sussex",1999,282,147,91,25,19,0,0,197,133,49,0,0,213,0,69,0
"District Of Columbia","District of Columbia",1999,365,116,188,37,22,2,0,210,129,60,1,65,116,16,167,0
"Florida","Alachua",1999,360,243,97,20,0,0,0,147,84,41,0,0,285,0,75,0
"Florida","Baker",1999,350,277,61,12,0,0,0,126,80,39,0,0,350,0,0,0
"Florida","Bay",1999,52,51,1,0,0,0,0,63,32,23,0,0,0,0,0,52
"Florida","Brevard",1999,359,279,68,11,1,0,0,156,80,41,0,0,355,0,0,4
"Florida","Broward",1999,362,243,101,16,2,0,0,178,74,42,10,43,152,41,116,0
"Florida","Citrus",1999,167,99,68,0,0,0,0,81,66,46,0,0,0,0,167,0
"Florida","Collier",1999,60,60,0,0,0,0,0,33,20,15,0,0,0,0,0,60
"Florida","Duval",1999,363,169,161,31,2,0,0,154,100,54,3,27,141,105,85,2
"Florida","Escambia",1999,365,110,196,54,5,0,0,182,113,60,0,0,151,57,157,0
"Florida","Gulf",1999,44,40,4,0,0,0,0,55,43,20,0,0,0,0,0,44
"Florida","Hamilton",1999,361,355,5,1,0,0,0,103,31,11,0,0,0,311,0,50
"Florida","Hillsborough",1999,365,45,197,108,15,0,0,189,131,85,2,0,80,241,41,1
"Florida","Holmes",1999,343,258,71,14,0,0,0,129,84,39,0,0,343,0,0,0
"Florida","Lake",1999,352,351,1,0,0,0,0,54,25,15,0,0,0,0,0,352
"Florida","Lee",1999,365,282,72,8,3,0,0,156,67,40,0,0,314,0,51,0
"Florida","Leon",1999,365,242,104,18,1,0,0,159,84,42,0,0,279,0,78,8
"Florida","Manatee",1999,365,230,103,29,2,1,0,201,97,44,0,3,276,49,37,0
"Florida","Marion",1999,365,264,81,18,2,0,0,172,84,41,0,0,314,0,51,0
"Florida","Miami-Dade",1999,365,222,123,13,7,0,0,172,84,45,2,24,185,0,154,0
"Florida","Monroe",1999,57,57,0,0,0,0,0,49,22,13,0,0,0,0,0,57
"Florida","Nassau",1999,358,306,40,10,2,0,0,200,61,16,0,0,0,315,0,43
"Florida","Orange",1999,363,188,149,24,2,0,0,177,84,49,1,13,161,3,185,0
"Florida","Osceola",1999,354,289,53,12,0,0,0,136,74,38,0,0,354,0,0,0
"Florida","Palm Beach",1999,365,273,84,7,1,0,0,151,64,40,0,18,202,1,142,2
"Florida","Pasco",1999,365,268,77,17,3,0,0,177,80,41,0,0,365,0,0,0
"Florida","Pinellas",1999,365,134,152,68,11,0,0,200,121,58,0,16,94,141,114,0
"Florida","Polk",1999,365,220,120,25,0,0,0,150,90,45,0,0,210,122,30,3
"Florida","Putnam",1999,364,332,28,4,0,0,0,123,49,14,0,0,0,322,0,42
"Florida","Sarasota",1999,365,244,102,16,3,0,0,177,84,43,10,0,287,20,48,0
"Florida","Seminole",1999,365,259,88,17,1,0,0,159,77,41,0,0,313,0,52,0
"Florida","St. Lucie",1999,360,288,68,4,0,0,0,133,61,37,0,17,277,0,64,2
"Florida","Volusia",1999,362,250,101,11,0,0,0,142,75,42,0,0,301,0,55,6
"Georgia","Bartow",1999,339,320,14,5,0,0,0,113,39,10,0,0,0,339,0,0
"Georgia","Bibb",1999,249,86,103,41,15,4,0,215,143,62,0,0,164,0,82,3
"Georgia","Charlton",1999,75,38,37,0,0,0,0,93,69,50,0,0,0,0,75,0
"Georgia","Chatham",1999,365,213,130,19,3,0,0,154,87,46,0,0,137,80,88,60
"Georgia","Chattooga",1999,54,52,2,0,0,0,0,64,34,19,0,0,0,0,0,54
"Georgia","Cherokee",1999,92,36,34,19,3,0,0,187,122,61,0,0,92,0,0,0
"Georgia","Clarke",1999,99,22,72,4,1,0,0,170,98,63,0,0,0,0,99,0
"Georgia","Clayton",1999,104,19,75,10,0,0,0,126,98,66,0,0,0,0,104,0
"Georgia","Cobb",1999,130,45,67,10,8,0,0,192,126,64,0,0,56,0,74,0
"Georgia","Coweta",1999,167,74,33,29,25,6,0,215,172,61,0,0,167,0,0,0
"Georgia","Dawson",1999,210,100,69,34,7,0,0,164,129,54,0,0,210,0,0,0
"Georgia","DeKalb",1999,365,52,230,47,27,9,0,229,150,71,6,26,95,0,237,1
"Georgia","Dougherty",1999,104,35,66,3,0,0,0,111,91,59,0,0,0,0,90,14
"Georgia","Douglas",1999,237,106,52,46,30,3,0,210,159,64,0,0,211,0,0,26
"Georgia","Fannin",1999,365,242,102,20,1,0,0,156,93,41,0,0,181,184,0,0
"Georgia","Fayette",1999,204,90,48,37,21,8,0,219,159,61,0,0,204,0,0,0
"Georgia","Floyd",1999,361,251,90,17,3,0,0,155,89,23,0,0,0,269,89,3
"Georgia","Fulton",1999,365,72,193,48,39,13,0,236,164,71,2,37,115,31,175,5
"Georgia","Glynn",1999,365,272,76,17,0,0,0,150,77,34,0,0,172,117,63,13
"Georgia","Gwinnett",1999,212,91,66,40,13,2,0,234,143,64,0,0,212,0,0,0
"Georgia","Hall",1999,100,23,75,2,0,0,0,120,90,63,0,0,0,0,100,0
"Georgia","Henry",1999,146,68,22,22,25,9,0,228,182,64,0,0,146,0,0,0
"Georgia","Muscogee",1999,361,194,114,40,13,0,0,190,108,47,0,0,163,112,83,3
"Georgia","Paulding",1999,348,189,79,55,24,1,0,202,143,47,0,116,163,0,69,0
"Georgia","Richmond",1999,253,95,105,43,10,0,0,187,126,62,0,0,163,0,86,4
"Georgia","Rockdale",1999,363,240,47,37,24,15,0,225,156,34,0,154,209,0,0,0
"Georgia","Spalding",1999,44,44,0,0,0,0,0,46,38,20,0,0,0,0,0,44
"Georgia","Sumter",1999,206,113,63,28,2,0,0,159,108,49,0,0,206,0,0,0
"Georgia","Walker",1999,58,56,2,0,0,0,0,58,39,22,0,0,0,0,0,58
"Georgia","Washington",1999,61,18,38,5,0,0,0,114,91,57,0,0,0,0,55,6
"Georgia","Wilkinson",1999,78,14,59,4,1,0,0,173,94,61,0,0,0,0,78,0
"Hawaii","Hawaii",1999,362,297,10,21,34,0,0,200,140,4,0,0,0,362,0,0
"Hawaii","Honolulu",1999,365,354,9,0,2,0,0,177,40,26,9,5,222,14,94,21
"Hawaii","Kauai",1999,54,54,0,0,0,0,0,32,23,16,0,0,0,0,0,54
"Hawaii","Maui",1999,352,332,20,0,0,0,0,89,41,19,0,0,0,0,56,296
"Idaho","Ada",1999,365,307,56,2,0,0,0,149,55,37,8,254,0,0,37,66
"Idaho","Bannock",1999,359,206,109,41,3,0,0,184,103,46,0,42,0,232,42,43
"Idaho","Blaine",1999,59,56,3,0,0,0,0,56,34,22,0,0,0,0,0,59
"Idaho","Bonner",1999,359,331,27,1,0,0,0,101,46,20,0,0,0,0,114,245
"Idaho","Bonneville",1999,57,51,5,1,0,0,0,115,52,22,0,0,0,0,42,15
"Idaho","Boundary",1999,50,50,0,0,0,0,0,46,39,23,0,0,0,0,0,50
"Idaho","Butte",1999,357,277,78,2,0,0,0,112,58,44,0,0,350,0,7,0
"Idaho","Canyon",1999,361,299,61,0,1,0,0,151,55,36,296,0,0,0,54,11
"Idaho","Caribou",1999,345,289,33,20,3,0,0,200,75,14,0,0,0,313,0,32
"Idaho","Custer",1999,97,96,1,0,0,0,0,52,24,10,0,0,0,0,97,0
"Idaho","Kootenai",1999,364,345,16,1,2,0,0,167,39,19,0,0,0,0,45,319
"Idaho","Lemhi",1999,136,128,8,0,0,0,0,79,45,16,0,0,0,0,73,63
"Idaho","Lewis",1999,55,52,3,0,0,0,0,67,49,30,0,0,0,0,0,55
"Idaho","Madison",1999,55,49,6,0,0,0,0,64,51,19,0,0,0,0,0,55
"Idaho","Minidoka",1999,57,55,2,0,0,0,0,73,36,20,0,0,0,0,0,57
"Idaho","Nez Perce",1999,365,352,11,2,0,0,0,111,37,16,297,0,0,0,13,55
"Idaho","Power",1999,327,40,172,60,51,3,1,489,159,82,0,0,0,0,272,55
"Idaho","Shoshone",1999,356,344,11,0,1,0,0,162,32,16,0,0,0,0,18,338
"Idaho","Twin Falls",1999,71,70,0,1,0,0,0,102,37,19,0,0,0,0,20,51
"Illinois","Adams",1999,365,267,73,24,1,0,0,151,93,36,0,0,254,106,0,5
"Illinois","Champaign",1999,365,270,64,25,6,0,0,182,90,39,0,0,314,20,30,1
"Illinois","Cook",1999,365,67,202,82,13,1,0,202,120,74,0,72,63,178,45,7
"Illinois","DuPage",1999,365,289,68,8,0,0,0,140,67,33,0,0,248,78,39,0
"Illinois","Effingham",1999,235,148,62,19,6,0,0,174,101,45,0,0,235,0,0,0
"Illinois","Hamilton",1999,225,158,53,11,3,0,0,166,90,44,0,0,225,0,0,0
"Illinois","Jackson",1999,54,54,0,0,0,0,0,50,33,20,0,0,0,0,0,54
"Illinois","Jersey",1999,238,152,54,21,11,0,0,197,115,44,0,0,238,0,0,0
"Illinois","Kane",1999,360,322,29,9,0,0,0,150,54,30,0,0,348,0,0,12
"Illinois","La Salle",1999,363,327,36,0,0,0,0,98,50,21,0,0,0,0,0,363
"Illinois","Lake",1999,365,300,40,18,7,0,0,169,80,34,0,8,357,0,0,0
"Illinois","Macon",1999,365,246,97,18,4,0,0,164,85,41,0,0,210,121,34,0
"Illinois","Macoupin",1999,365,273,74,15,3,0,0,166,80,38,0,0,278,44,43,0
"Illinois","Madison",1999,365,74,173,103,14,1,0,206,129,79,0,0,92,225,30,18
"Illinois","McHenry",1999,358,305,34,13,6,0,0,187,74,33,0,0,358,0,0,0
"Illinois","Peoria",1999,365,214,109,38,4,0,0,166,108,46,40,0,177,122,26,0
"Illinois","Randolph",1999,365,216,96,36,17,0,0,200,119,45,0,0,237,101,27,0
"Illinois","Rock Island",1999,365,293,65,7,0,0,0,143,70,37,0,0,293,33,39,0
"Illinois","Saint Clair",1999,365,110,142,105,8,0,0,200,121,74,0,34,72,234,24,1
"Illinois","Sangamon",1999,365,221,71,63,10,0,0,172,118,42,10,0,213,115,27,0
"Illinois","Tazewell",1999,359,266,50,38,5,0,0,194,103,16,0,0,0,359,0,0
"Illinois","Wabash",1999,244,184,40,17,3,0,0,185,84,21,0,0,0,244,0,0
"Illinois","Will",1999,365,236,102,24,3,0,0,169,90,44,0,38,216,75,36,0
"Illinois","Winnebago",1999,365,299,56,10,0,0,0,150,68,36,64,0,264,0,37,0
"Indiana","Allen",1999,355,236,82,26,11,0,0,172,101,40,125,0,172,0,56,2
"Indiana","Clark",1999,257,111,106,31,9,0,0,177,119,56,0,0,180,0,71,6
"Indiana","Daviess",1999,361,286,51,24,0,0,0,136,80,17,0,0,0,361,0,0
"Indiana","DeKalb",1999,12,11,1,0,0,0,0,54,47,25,0,0,0,0,0,12
"Indiana","Dearborn",1999,362,263,78,21,0,0,0,139,81,30,0,0,0,362,0,0
"Indiana","Delaware",1999,24,15,9,0,0,0,0,89,62,42,0,0,0,0,24,0
"Indiana","Dubois",1999,58,57,1,0,0,0,0,52,43,21,0,0,0,0,0,58
"Indiana","Elkhart",1999,202,133,58,11,0,0,0,140,90,43,0,0,151,0,51,0
"Indiana","Floyd",1999,365,165,121,67,11,1,0,204,123,54,0,0,141,183,41,0
"Indiana","Fountain",1999,273,202,38,30,3,0,0,177,103,14,0,0,0,273,0,0
"Indiana","Gibson",1999,361,263,60,28,10,0,0,200,101,33,0,97,121,143,0,0
"Indiana","Hamilton",1999,181,76,58,30,17,0,0,195,147,61,0,0,181,0,0,0
"Indiana","Hancock",1999,182,79,56,35,12,0,0,185,136,54,0,0,182,0,0,0
"Indiana","Hendricks",1999,182,76,47,56,3,0,0,166,118,65,2,165,0,13,0,2
"Indiana","Howard",1999,57,28,27,2,0,0,0,116,85,51,0,0,0,0,57,0
"Indiana","Jasper",1999,362,333,24,5,0,0,0,119,46,15,0,0,0,333,0,29
"Indiana","Jefferson",1999,358,320,32,6,0,0,0,124,51,20,0,0,0,358,0,0
"Indiana","Johnson",1999,179,78,59,35,7,0,0,185,129,61,0,0,179,0,0,0
"Indiana","LaPorte",1999,365,288,45,25,6,1,0,203,90,32,0,0,176,187,2,0
"Indiana","Lake",1999,365,60,232,60,13,0,0,192,119,69,0,20,70,65,198,12
"Indiana","Madison",1999,229,103,78,37,11,0,0,185,140,54,0,0,173,0,44,12
"Indiana","Marion",1999,365,82,215,55,13,0,0,190,119,67,0,17,101,64,183,0
"Indiana","Morgan",1999,183,81,58,33,11,0,0,179,133,58,0,0,183,0,0,0
"Indiana","Perry",1999,361,200,97,46,18,0,0,200,120,43,0,0,140,208,0,13
"Indiana","Pike",1999,270,182,60,26,2,0,0,161,102,34,0,0,0,270,0,0
"Indiana","Porter",1999,365,191,122,42,10,0,0,200,108,48,0,0,130,146,52,37
"Indiana","Posey",1999,183,82,63,24,14,0,0,200,136,58,0,0,183,0,0,0
"Indiana","Spencer",1999,364,305,50,9,0,0,0,129,65,26,0,52,0,312,0,0
"Indiana","St. Joseph",1999,281,175,68,29,9,0,0,174,112,44,0,73,159,0,39,10
"Indiana","Sullivan",1999,272,239,28,5,0,0,0,134,56,20,0,0,0,272,0,0
"Indiana","Tippecanoe",1999,73,31,41,1,0,0,0,112,85,54,0,0,0,0,73,0
"Indiana","Vanderburgh",1999,365,205,107,38,15,0,0,190,115,46,42,38,144,93,44,4
"Indiana","Vigo",1999,365,203,116,41,5,0,0,168,105,46,0,0,119,195,43,8
"Indiana","Warrick",1999,362,113,108,101,40,0,0,200,154,79,0,0,130,232,0,0
"Indiana","Wayne",1999,365,211,85,67,2,0,0,157,109,36,0,0,0,365,0,0
"Iowa","Black Hawk",1999,116,72,44,0,0,0,0,99,68,45,0,0,0,0,109,7
"Iowa","Cerro Gordo",1999,358,257,63,21,17,0,0,200,103,32,0,0,0,53,33,272
"Iowa","Clinton",1999,362,234,110,15,3,0,0,166,87,42,0,0,144,48,63,107
"Iowa","Delaware",1999,41,41,0,0,0,0,0,36,27,15,0,0,0,0,0,41
"Iowa","Harrison",1999,206,156,47,3,0,0,0,122,77,42,0,0,206,0,0,0
"Iowa","Johnson",1999,116,67,47,2,0,0,0,104,71,46,0,0,0,0,116,0
"Iowa","Lee",1999,335,330,4,1,0,0,0,107,11,0,0,0,0,335,0,0
"Iowa","Linn",1999,365,223,94,44,4,0,0,175,113,45,22,0,152,128,60,3
"Iowa","Muscatine",1999,362,175,91,71,25,0,0,195,143,53,0,0,0,309,46,7
"Iowa","Palo Alto",1999,208,172,32,4,0,0,0,122,64,42,0,0,208,0,0,0
"Iowa","Polk",1999,365,305,59,1,0,0,0,103,57,32,95,0,145,0,74,51
"Iowa","Pottawattamie",1999,51,31,20,0,0,0,0,81,65,42,0,0,0,0,51,0
"Iowa","Scott",1999,364,186,162,13,3,0,0,164,87,50,0,0,111,42,58,153
"Iowa","Story",1999,233,173,54,6,0,0,0,133,71,42,0,0,175,0,58,0
"Iowa","Van Buren",1999,355,295,50,10,0,0,0,150,74,31,0,0,210,145,0,0
"Iowa","Warren",1999,213,154,51,8,0,0,0,119,87,42,0,0,213,0,0,0
"Iowa","Woodbury",1999,121,89,32,0,0,0,0,83,64,34,0,0,0,0,86,35
"Kansas","Ford",1999,58,46,12,0,0,0,0,70,64,19,0,0,0,0,0,58
"Kansas","Johnson",1999,118,55,63,0,0,0,0,87,72,52,0,0,0,0,118,0
"Kansas","Linn",1999,359,219,119,18,3,0,0,159,87,46,0,12,297,1,49,0
"Kansas","Montgomery",1999,361,289,59,12,1,0,0,189,64,30,0,0,0,198,0,163
"Kansas","Neosho",1999,58,46,12,0,0,0,0,72,60,25,0,0,0,0,0,58
"Kansas","Sedgwick",1999,365,229,118,18,0,0,0,150,80,45,36,0,225,0,64,40
"Kansas","Shawnee",1999,121,53,68,0,0,0,0,96,68,53,0,0,0,0,105,16
"Kansas","Sherman",1999,57,47,10,0,0,0,0,89,57,20,0,0,0,0,0,57
"Kansas","Sumner",1999,164,106,46,9,3,0,0,166,97,45,6,0,150,0,8,0
"Kansas","Wyandotte",1999,365,217,135,13,0,0,0,129,82,47,3,119,165,25,38,15
"Kentucky","Bell",1999,360,239,92,28,1,0,0,151,97,39,125,0,209,0,12,14
"Kentucky","Boone",1999,214,123,58,27,6,0,0,177,119,48,0,0,214,0,0,0
"Kentucky","Boyd",1999,365,154,160,43,8,0,0,187,113,55,4,39,125,135,44,18
"Kentucky","Bullitt",1999,357,203,97,46,11,0,0,187,115,47,0,120,180,0,57,0
"Kentucky","Campbell",1999,363,210,113,34,6,0,0,166,101,46,0,93,142,67,60,1
"Kentucky","Carter",1999,241,96,94,39,12,0,0,190,129,58,0,0,188,0,53,0
"Kentucky","Christian",1999,264,101,110,41,10,2,0,204,129,60,0,0,203,0,61,0
"Kentucky","Daviess",1999,365,194,118,45,8,0,0,169,114,48,0,42,153,106,52,12
"Kentucky","Edmonson",1999,360,191,99,52,18,0,0,200,129,49,0,0,318,0,42,0
"Kentucky","Fayette",1999,365,197,108,49,11,0,0,185,119,48,0,54,166,58,76,11
"Kentucky","Floyd",1999,59,59,0,0,0,0,0,50,43,21,0,0,0,0,0,59
"Kentucky","Franklin",1999,106,52,54,0,0,0,0,100,79,52,0,0,0,0,106,0
"Kentucky","Graves",1999,214,91,72,39,10,2,0,205,133,64,0,0,214,0,0,0
"Kentucky","Greenup",1999,358,243,73,31,10,1,0,201,105,43,0,0,189,169,0,0
"Kentucky","Hancock",1999,364,211,103,42,8,0,0,190,112,46,0,0,192,172,0,0
"Kentucky","Hardin",1999,210,84,84,34,8,0,0,192,133,59,0,0,165,0,41,4
"Kentucky","Harlan",1999,52,52,0,0,0,0,0,44,38,25,0,0,0,0,0,52
"Kentucky","Henderson",1999,365,189,114,50,12,0,0,185,115,50,0,74,148,100,38,5
"Kentucky","Jefferson",1999,365,44,208,93,19,1,0,202,133,76,5,9,99,131,121,0
"Kentucky","Jessamine",1999,205,113,58,32,2,0,0,177,112,48,0,0,205,0,0,0
"Kentucky","Kenton",1999,365,225,104,32,4,0,0,177,100,44,3,154,146,0,54,8
"Kentucky","Lawrence",1999,44,44,0,0,0,0,0,47,41,26,0,0,0,0,0,44
"Kentucky","Livingston",1999,365,205,102,38,18,2,0,206,129,44,0,0,203,149,0,13
"Kentucky","Madison",1999,107,44,63,0,0,0,0,98,80,53,0,0,0,0,94,13
"Kentucky","Marshall",1999,52,47,5,0,0,0,0,59,49,29,0,0,0,0,0,52
"Kentucky","McCracken",1999,365,191,138,28,8,0,0,192,100,49,3,57,161,83,51,10
"Kentucky","McLean",1999,207,100,59,35,11,2,0,207,136,54,0,0,207,0,0,0
"Kentucky","Oldham",1999,213,62,64,55,29,3,0,204,161,90,0,0,213,0,0,0
"Kentucky","Perry",1999,231,170,53,7,1,0,0,154,74,44,0,0,203,0,0,28
"Kentucky","Pike",1999,257,96,127,29,5,0,0,166,112,58,0,0,182,0,67,8
"Kentucky","Pulaski",1999,235,100,76,47,12,0,0,182,136,61,0,0,214,0,0,21
"Kentucky","Scott",1999,214,113,61,38,2,0,0,190,112,50,0,0,214,0,0,0
"Kentucky","Simpson",1999,352,218,68,53,13,0,0,195,126,40,0,143,209,0,0,0
"Kentucky","Trigg",1999,232,100,83,39,10,0,0,195,119,61,0,0,232,0,0,0
"Kentucky","Warren",1999,114,44,66,4,0,0,0,114,84,56,0,0,0,0,109,5
"Kentucky","Whitley",1999,57,56,1,0,0,0,0,63,38,23,0,0,0,0,0,57
"Louisiana","Ascension",1999,361,305,36,16,4,0,0,187,77,26,0,0,361,0,0,0
"Louisiana","Beauregard",1999,365,281,65,18,1,0,0,151,84,39,0,13,352,0,0,0
"Louisiana","Bossier",1999,364,250,75,33,6,0,0,185,105,42,0,0,361,3,0,0
"Louisiana","Caddo",1999,364,197,126,36,5,0,0,161,105,47,0,0,299,0,65,0
"Louisiana","Calcasieu",1999,365,218,116,26,5,0,0,174,97,46,0,1,251,49,64,0
"Louisiana","Concordia",1999,54,28,26,0,0,0,0,92,78,50,0,0,0,0,54,0
"Louisiana","East Baton Rouge",1999,365,89,215,42,16,3,0,212,126,63,0,26,139,23,177,0
"Louisiana","Grant",1999,355,230,88,36,1,0,0,154,101,44,0,0,355,0,0,0
"Louisiana","Iberville",1999,365,223,95,34,12,1,0,213,112,44,0,10,320,0,35,0
"Louisiana","Jefferson",1999,365,155,167,35,8,0,0,179,108,55,0,10,169,0,186,0
"Louisiana","Lafayette",1999,365,234,104,24,3,0,0,161,90,43,0,0,293,0,72,0
"Louisiana","Lafourche",1999,261,182,50,25,4,0,0,185,105,43,0,0,261,0,0,0
"Louisiana","Livingston",1999,335,237,62,31,5,0,0,177,101,40,0,16,319,0,0,0
"Louisiana","Orleans",1999,365,222,131,12,0,0,0,133,80,44,3,159,110,0,93,0
"Louisiana","Ouachita",1999,365,229,109,26,1,0,0,161,93,44,0,0,300,3,62,0
"Louisiana","Pointe Coupee",1999,365,278,69,15,3,0,0,200,87,38,0,22,343,0,0,0
"Louisiana","Rapides",1999,55,26,28,1,0,0,0,107,71,52,0,0,0,0,55,0
"Louisiana","St. Bernard",1999,365,233,91,38,3,0,0,161,108,43,0,0,295,70,0,0
"Louisiana","St. Charles",1999,354,274,53,24,3,0,0,161,97,38,0,0,344,0,0,10
"Louisiana","St. James",1999,363,282,52,24,5,0,0,192,93,37,0,77,286,0,0,0
"Louisiana","St. John the Baptist",1999,365,271,61,28,5,0,0,169,97,38,0,0,365,0,0,0
"Louisiana","St. Mary",1999,352,267,60,20,5,0,0,159,87,36,0,0,352,0,0,0
"Louisiana","Tangipahoa",1999,58,24,32,2,0,0,0,128,79,55,0,0,0,0,58,0
"Louisiana","West Baton Rouge",1999,365,124,202,35,3,1,0,203,102,58,0,17,81,61,204,2
"Maine","Androscoggin",1999,337,327,10,0,0,0,0,75,33,11,0,0,0,308,0,29
"Maine","Aroostook",1999,352,335,17,0,0,0,0,70,37,16,0,0,0,0,0,352
"Maine","Cumberland",1999,327,291,27,7,2,0,0,195,54,30,0,0,170,132,0,25
"Maine","Franklin",1999,80,80,0,0,0,0,0,44,21,12,0,0,0,0,0,80
"Maine","Hancock",1999,358,283,58,11,5,1,0,206,67,42,0,0,348,0,10,0
"Maine","Kennebec",1999,212,177,24,10,1,0,0,154,61,35,0,0,183,0,0,29
"Maine","Knox",1999,240,207,25,6,1,1,0,205,67,35,0,0,182,0,0,58
"Maine","MOBILE MONITORS",1999,153,113,27,10,2,1,0,208,90,42,0,0,153,0,0,0
"Maine","Oxford",1999,365,355,9,1,0,0,0,119,44,22,0,0,174,130,0,61
"Maine","Penobscot",1999,221,199,13,9,0,0,0,140,49,35,0,0,193,0,0,28
"Maine","Piscataquis",1999,201,186,14,0,1,0,0,164,48,35,0,0,201,0,0,0
"Maine","Sagadahoc",1999,172,133,26,9,3,1,0,203,87,43,0,0,172,0,0,0
"Maine","Washington",1999,87,82,5,0,0,0,0,57,45,22,0,0,0,0,87,0
"Maine","York",1999,320,266,31,19,3,1,0,209,77,34,0,113,207,0,0,0
"Maryland","Anne Arundel",1999,365,187,111,33,29,5,0,220,147,50,0,1,171,163,24,6
"Maryland","Baltimore",1999,363,235,86,24,12,6,0,213,112,43,0,151,184,0,26,2
"Maryland","Baltimore (City)",1999,365,237,99,22,7,0,0,197,96,42,10,196,102,0,52,5
"Maryland","Calvert",1999,208,121,54,23,10,0,0,192,129,47,0,0,208,0,0,0
"Maryland","Carroll",1999,213,111,59,29,13,1,0,213,136,49,0,0,213,0,0,0
"Maryland","Cecil",1999,237,138,50,29,15,5,0,222,140,45,0,0,210,0,6,21
"Maryland","Charles",1999,213,93,64,30,21,5,0,208,159,61,0,0,213,0,0,0
"Maryland","Frederick",1999,196,96,46,38,15,1,0,212,147,51,0,0,196,0,0,0
"Maryland","Harford",1999,362,256,58,29,12,7,0,221,112,39,0,0,334,0,28,0
"Maryland","Kent",1999,214,124,47,22,18,3,0,216,150,48,0,0,214,0,0,0
"Maryland","Montgomery",1999,226,116,65,31,13,1,0,208,122,50,0,0,188,0,38,0
"Maryland","Prince George's",1999,324,190,79,32,20,3,0,220,133,44,83,0,195,0,38,8
"Maryland","Washington",1999,214,111,58,37,8,0,0,174,122,50,0,0,209,0,5,0
"Maryland","Wicomico",1999,56,56,0,0,0,0,0,31,23,10,0,0,0,0,0,56
"Massachusetts","Barnstable",1999,272,217,32,11,10,2,0,212,84,41,0,11,261,0,0,0
"Massachusetts","Berkshire",1999,208,139,58,9,2,0,0,156,77,42,0,0,128,0,80,0
"Massachusetts","Bristol",1999,365,242,91,23,7,2,0,207,94,44,0,4,201,98,62,0
"Massachusetts","Essex",1999,365,262,79,17,5,2,0,207,84,43,0,32,178,92,63,0
"Massachusetts","Hampden",1999,365,207,133,18,7,0,0,174,87,48,2,57,145,17,142,2
"Massachusetts","Hampshire",1999,365,278,63,15,8,1,0,201,84,41,0,33,300,5,27,0
"Massachusetts","Middlesex",1999,365,226,100,31,8,0,0,197,101,44,20,0,152,157,36,0
"Massachusetts","Norfolk",1999,116,74,41,1,0,0,0,128,75,40,0,0,0,0,116,0
"Massachusetts","Plymouth",1999,104,70,31,3,0,0,0,121,74,40,0,0,0,0,104,0
"Massachusetts","Suffolk",1999,365,155,185,20,5,0,0,192,90,54,0,101,57,89,116,2
"Massachusetts","Worcester",1999,365,246,93,19,7,0,0,190,86,44,10,95,179,11,69,1
"Michigan","Allegan",1999,342,189,117,26,9,1,0,214,102,46,0,0,139,0,203,0
"Michigan","Benzie",1999,183,126,29,14,14,0,0,200,140,43,0,0,183,0,0,0
"Michigan","Berrien",1999,219,117,65,22,14,1,0,207,133,48,0,0,144,0,75,0
"Michigan","Calhoun",1999,51,50,1,0,0,0,0,58,41,19,0,0,0,0,0,51
"Michigan","Cass",1999,148,70,43,22,12,1,0,201,147,54,0,0,148,0,0,0
"Michigan","Clinton",1999,182,132,30,15,5,0,0,172,105,42,0,0,182,0,0,0
"Michigan","Delta",1999,365,359,6,0,0,0,0,69,29,0,0,0,0,365,0,0
"Michigan","Genesee",1999,363,275,60,16,11,1,0,210,84,33,0,0,171,132,58,2
"Michigan","Grand Traverse",1999,181,150,18,11,2,0,0,159,84,35,0,0,175,0,6,0
"Michigan","Huron",1999,179,127,34,11,6,1,0,201,105,41,0,0,179,0,0,0
"Michigan","Ingham",1999,260,155,82,17,6,0,0,179,97,45,0,0,161,0,99,0
"Michigan","Kalamazoo",1999,238,124,81,24,9,0,0,179,115,50,0,0,166,0,72,0
"Michigan","Kent",1999,365,175,154,26,10,0,0,197,100,52,7,0,135,1,219,3
"Michigan","Keweenaw",1999,9,8,1,0,0,0,0,65,65,14,0,0,0,0,9,0
"Michigan","Lenawee",1999,183,116,49,17,1,0,0,151,97,44,0,0,183,0,0,0
"Michigan","Macomb",1999,364,266,65,22,10,1,0,201,93,36,71,0,154,71,68,0
"Michigan","Mason",1999,183,114,37,20,11,1,0,215,140,44,0,0,183,0,0,0
"Michigan","Missaukee",1999,183,118,41,18,6,0,0,182,112,45,0,0,183,0,0,0
"Michigan","Monroe",1999,5,3,2,0,0,0,0,64,64,50,0,0,0,0,5,0
"Michigan","Muskegon",1999,277,155,81,21,18,2,0,221,133,46,0,0,168,0,109,0
"Michigan","Oakland",1999,297,207,66,20,4,0,0,169,91,37,63,0,165,0,69,0
"Michigan","Ontonagon",1999,25,25,0,0,0,0,0,36,30,13,0,0,0,0,0,25
"Michigan","Ottawa",1999,241,142,67,26,6,0,0,179,108,46,0,0,161,0,74,6
"Michigan","Saginaw",1999,89,59,29,1,0,0,0,101,71,31,0,0,0,0,89,0
"Michigan","Schoolcraft",1999,9,8,1,0,0,0,0,56,56,13,0,0,0,0,9,0
"Michigan","St. Clair",1999,358,195,87,66,10,0,0,197,118,44,0,0,107,205,46,0
"Michigan","Washtenaw",1999,212,131,55,19,6,1,0,201,108,46,0,0,163,0,49,0
"Michigan","Wayne",1999,365,105,145,99,16,0,0,192,121,72,0,32,48,200,66,19
"Minnesota","Anoka",1999,362,320,34,8,0,0,0,122,51,33,26,0,336,0,0,0
"Minnesota","Beltrami",1999,42,42,0,0,0,0,0,37,28,13,0,0,0,0,0,42
"Minnesota","Carlton",1999,48,48,0,0,0,0,0,30,23,12,0,0,0,0,0,48
"Minnesota","Clay",1999,39,39,0,0,0,0,0,36,27,16,0,0,0,0,0,39
"Minnesota","Dakota",1999,365,308,55,2,0,0,0,108,58,35,0,73,217,59,16,0
"Minnesota","Freeborn",1999,15,10,5,0,0,0,0,76,69,35,0,0,0,0,8,7
"Minnesota","Hennepin",1999,365,281,81,3,0,0,0,108,61,37,22,217,0,36,65,25
"Minnesota","Koochiching",1999,358,358,0,0,0,0,0,13,4,1,0,0,0,358,0,0
"Minnesota","Lake",1999,348,326,20,2,0,0,0,119,47,31,0,0,333,0,14,1
"Minnesota","McLeod",1999,9,6,3,0,0,0,0,77,77,23,0,0,0,0,6,3
"Minnesota","Mille Lacs",1999,246,199,37,9,1,0,0,159,77,37,0,0,227,0,4,15
"Minnesota","Olmsted",1999,28,28,0,0,0,0,0,37,34,16,0,0,0,0,0,28
"Minnesota","Otter Tail",1999,15,13,2,0,0,0,0,83,59,24,0,0,0,0,7,8
"Minnesota","Pine",1999,157,157,0,0,0,0,0,14,7,3,157,0,0,0,0,0
"Minnesota","Ramsey",1999,365,292,71,2,0,0,0,116,60,35,70,162,0,7,95,31
"Minnesota","Saint Louis",1999,365,326,35,4,0,0,0,122,51,33,11,0,324,0,18,12
"Minnesota","Stearns",1999,365,365,0,0,0,0,0,38,25,15,344,0,0,0,2,19
"Minnesota","Swift",1999,37,37,0,0,0,0,0,27,17,9,0,0,0,0,0,37
"Minnesota","Washington",1999,365,310,46,9,0,0,0,140,64,36,0,0,322,35,3,5
"Minnesota","Winona",1999,37,37,0,0,0,0,0,39,22,14,0,0,0,0,0,37
"Minnesota","Wright",1999,6,3,3,0,0,0,0,85,85,54,0,0,0,0,6,0
"Mississippi","Adams",1999,235,107,90,37,1,0,0,174,115,55,0,0,176,0,59,0
"Mississippi","Bolivar",1999,181,64,74,39,4,0,0,187,126,64,0,0,139,0,42,0
"Mississippi","Coahoma",1999,15,15,0,0,0,0,0,17,13,8,0,0,0,0,0,15
"Mississippi","DeSoto",1999,365,209,110,36,9,1,0,203,105,46,0,122,186,0,57,0
"Mississippi","Forrest",1999,98,26,70,2,0,0,0,124,82,59,0,0,0,0,98,0
"Mississippi","Hancock",1999,359,214,96,42,7,0,0,172,115,44,0,98,212,0,49,0
"Mississippi","Harrison",1999,365,218,106,35,6,0,0,197,105,43,0,0,133,119,113,0
"Mississippi","Hinds",1999,365,220,122,22,1,0,0,169,91,44,31,0,182,12,79,61
"Mississippi","Jackson",1999,361,221,108,28,4,0,0,179,97,43,0,0,168,121,71,1
"Mississippi","Jones",1999,107,27,78,2,0,0,0,137,87,62,0,0,0,0,97,10
"Mississippi","Lauderdale",1999,226,100,97,27,2,0,0,174,112,58,0,0,167,0,59,0
"Mississippi","Lee",1999,252,97,100,47,8,0,0,182,126,60,0,0,183,0,62,7
"Mississippi","Lowndes",1999,97,34,60,3,0,0,0,123,83,59,0,0,0,0,97,0
"Mississippi","Madison",1999,214,118,73,22,1,0,0,177,101,49,0,0,214,0,0,0
"Mississippi","Panola",1999,85,80,5,0,0,0,0,77,46,36,0,5,77,2,0,1
"Mississippi","Rankin",1999,99,29,69,1,0,0,0,126,86,58,0,0,0,0,99,0
"Mississippi","Scott",1999,42,14,28,0,0,0,0,93,88,56,0,0,0,0,42,0
"Mississippi","Warren",1999,240,122,103,15,0,0,0,136,93,50,0,0,176,0,64,0
"Mississippi","Washington",1999,11,11,0,0,0,0,0,17,12,9,0,0,0,0,0,11
"Missouri","Buchanan",1999,365,289,76,0,0,0,0,90,63,17,0,0,0,198,89,78
"Missouri","Cedar",1999,260,138,99,21,2,0,0,172,100,49,0,0,196,0,64,0
"Missouri","Clay",1999,365,175,158,29,3,0,0,174,97,52,18,49,156,2,140,0
"Missouri","Greene",1999,365,180,162,21,1,1,0,204,90,51,4,65,155,105,36,0
"Missouri","Howell",1999,107,54,52,1,0,0,0,137,74,50,0,0,0,0,107,0
"Missouri","Iron",1999,364,187,60,67,50,0,0,200,164,50,0,0,0,364,0,0
"Missouri","Jackson",1999,365,168,179,16,2,0,0,200,89,53,17,0,160,8,178,2
"Missouri","Jasper",1999,121,59,61,1,0,0,0,106,72,52,0,0,0,0,86,35
"Missouri","Jefferson",1999,365,166,104,59,34,2,0,206,150,55,0,0,132,179,54,0
"Missouri","Lincoln",1999,48,46,2,0,0,0,0,54,39,23,0,0,0,0,0,48
"Missouri","Monroe",1999,365,251,76,32,6,0,0,200,101,41,0,0,197,116,51,1
"Missouri","Platte",1999,364,298,52,14,0,0,0,143,71,36,0,167,194,3,0,0
"Missouri","Saint Charles",1999,364,205,111,29,17,2,0,225,119,46,0,71,169,74,50,0
"Missouri","Saint Louis",1999,365,153,156,42,13,1,0,214,115,55,0,85,117,108,55,0
"Missouri","Sainte Genevieve",1999,260,104,112,32,12,0,0,200,126,58,0,1,194,0,65,0
"Missouri","St. Louis City",1999,365,85,211,60,8,1,0,204,115,65,1,38,69,97,156,4
"Montana","Cascade",1999,365,350,14,1,0,0,0,114,39,20,152,0,0,213,0,0
"Montana","Flathead",1999,365,290,73,2,0,0,0,145,60,39,49,0,184,0,74,58
"Montana","Gallatin",1999,309,298,11,0,0,0,0,95,32,8,192,0,0,0,0,117
"Montana","Glacier",1999,58,53,5,0,0,0,0,67,47,19,0,0,0,0,0,58
"Montana","Jefferson",1999,365,283,61,18,3,0,0,160,75,23,0,0,0,365,0,0
"Montana","Lake",1999,364,347,16,1,0,0,0,107,40,17,0,0,0,0,0,364
"Montana","Lewis and Clark",1999,365,203,102,51,9,0,0,200,110,43,0,0,0,264,25,76
"Montana","Lincoln",1999,353,304,44,4,1,0,0,157,57,26,0,0,0,0,84,269
"Montana","Missoula",1999,337,306,30,0,1,0,0,169,48,23,93,0,0,0,107,137
"Montana","Ravalli",1999,349,347,2,0,0,0,0,62,28,14,0,0,0,0,37,312
"Montana","Roosevelt",1999,41,40,1,0,0,0,0,57,40,14,0,0,0,0,0,41
"Montana","Rosebud",1999,365,310,55,0,0,0,0,79,53,27,0,38,0,37,0,290
"Montana","Sanders",1999,92,91,1,0,0,0,0,55,32,11,0,0,0,0,0,92
"Montana","Sheridan",1999,4,4,0,0,0,0,0,12,12,7,0,0,0,0,4,0
"Montana","Silver Bow",1999,365,349,15,1,0,0,0,107,42,25,175,0,0,0,59,131
"Montana","Yellowstone",1999,365,156,170,38,1,0,0,167,101,55,14,0,0,331,18,2
"Nebraska","Cass",1999,105,63,41,1,0,0,0,117,73,46,0,0,0,0,61,44
"Nebraska","Cedar",1999,4,4,0,0,0,0,0,35,35,32,0,0,0,0,4,0
"Nebraska","Cherry",1999,44,42,2,0,0,0,0,52,39,21,0,0,0,0,44,0
"Nebraska","Dawson",1999,58,44,14,0,0,0,0,94,57,35,0,0,0,0,0,58
"Nebraska","Deuel",1999,43,42,1,0,0,0,0,54,33,16,0,0,0,0,43,0
"Nebraska","Douglas",1999,365,257,96,10,2,0,0,164,77,40,96,0,167,5,68,29
"Nebraska","Hall",1999,73,59,14,0,0,0,0,97,63,33,0,0,0,0,73,0
"Nebraska","Lancaster",1999,361,315,45,0,1,0,0,168,54,31,110,0,163,0,88,0
"Nebraska","Lincoln",1999,85,74,11,0,0,0,0,73,52,27,0,0,0,0,85,0
"Nebraska","Sarpy",1999,81,51,30,0,0,0,0,80,67,38,0,0,0,0,81,0
"Nebraska","Scotts Bluff",1999,73,64,9,0,0,0,0,93,56,25,0,0,0,0,73,0
"Nebraska","Washington",1999,63,46,17,0,0,0,0,78,63,33,0,0,0,0,63,0
"Nevada","Carson City",1999,359,264,95,0,0,0,0,97,71,43,55,0,304,0,0,0
"Nevada","Clark",1999,365,25,266,67,5,1,1,322,119,75,13,41,192,0,52,67
"Nevada","Douglas",1999,349,242,102,5,0,0,0,133,74,45,19,0,330,0,0,0
"Nevada","Elko",1999,353,342,11,0,0,0,0,89,41,21,0,0,0,0,23,330
"Nevada","Lander",1999,147,139,8,0,0,0,0,82,38,20,0,0,0,0,0,147
"Nevada","Washoe",1999,365,206,148,9,2,0,0,161,80,48,43,2,271,0,28,21
"Nevada","White Pine",1999,346,230,107,9,0,0,0,122,77,47,0,0,342,0,4,0
"New Hampshire","Belknap",1999,216,182,27,7,0,0,0,145,58,33,0,0,179,0,37,0
"New Hampshire","Carroll",1999,189,167,20,2,0,0,0,129,54,34,0,0,189,0,0,0
"New Hampshire","Cheshire",1999,336,276,50,9,1,0,0,159,61,34,0,0,164,133,36,3
"New Hampshire","Coos",1999,365,192,123,46,4,0,0,164,109,49,0,0,85,223,54,3
"New Hampshire","Grafton",1999,194,165,24,5,0,0,0,126,64,37,0,0,194,0,0,0
"New Hampshire","Hillsborough",1999,354,254,78,14,8,0,0,161,80,42,13,49,156,82,53,1
"New Hampshire","Merrimack",1999,350,245,74,31,0,0,0,142,94,36,0,0,103,181,63,3
"New Hampshire","Rockingham",1999,351,250,74,22,4,1,0,206,87,37,0,76,159,81,33,2
"New Hampshire","Strafford",1999,225,196,19,8,2,0,0,172,64,36,0,0,204,0,0,21
"New Hampshire","Sullivan",1999,338,288,42,8,0,0,0,147,57,32,0,0,183,118,33,4
"New Jersey","Atlantic",1999,365,273,57,23,12,0,0,192,100,39,0,0,309,16,37,3
"New Jersey","Bergen",1999,365,313,48,4,0,0,0,112,59,26,218,0,0,43,101,3
"New Jersey","Burlington",1999,363,356,7,0,0,0,0,64,32,15,185,0,0,178,0,0
"New Jersey","Camden",1999,365,201,105,31,23,5,0,215,136,48,0,97,196,17,55,0
"New Jersey","Cumberland",1999,364,281,45,22,16,0,0,200,101,35,0,0,315,49,0,0
"New Jersey","Essex",1999,365,152,188,19,4,2,0,207,87,54,0,242,57,19,46,1
"New Jersey","Gloucester",1999,365,252,74,18,18,3,0,212,108,40,0,0,285,49,31,0
"New Jersey","Hudson",1999,365,180,147,23,11,4,0,227,105,51,22,141,116,23,61,2
"New Jersey","Hunterdon",1999,364,280,47,14,19,4,0,210,105,34,0,0,364,0,0,0
"New Jersey","Mercer",1999,365,249,73,22,13,8,0,225,115,43,0,91,212,0,61,1
"New Jersey","Middlesex",1999,365,245,79,19,16,6,0,232,107,44,5,119,199,10,32,0
"New Jersey","Monmouth",1999,365,303,37,14,10,1,0,203,84,31,137,0,228,0,0,0
"New Jersey","Morris",1999,365,245,79,23,16,2,0,213,108,44,11,49,245,17,43,0
"New Jersey","Ocean",1999,257,164,49,23,18,3,0,212,140,45,0,0,224,0,33,0
"New Jersey","Passaic",1999,251,149,74,16,12,0,0,195,112,46,0,0,196,0,55,0
"New Jersey","Union",1999,365,126,224,15,0,0,0,136,87,56,6,283,0,16,60,0
"New Jersey","Warren",1999,24,14,10,0,0,0,0,91,68,45,0,0,0,0,24,0
"New Mexico","Bernalillo",1999,365,177,173,14,1,0,0,151,90,51,7,20,277,0,34,27
"New Mexico","Catron",1999,93,93,0,0,0,0,0,42,25,14,0,0,0,0,93,0
"New Mexico","Chaves",1999,115,111,4,0,0,0,0,63,42,26,0,0,0,0,104,11
"New Mexico","Dona Ana",1999,365,95,233,34,3,0,0,190,101,62,0,7,199,2,152,5
"New Mexico","Eddy",1999,365,265,94,6,0,0,0,112,71,44,0,14,336,15,0,0
"New Mexico","Grant",1999,365,260,70,28,7,0,0,188,99,24,0,0,0,291,51,23
"New Mexico","Hidalgo",1999,356,313,28,11,4,0,0,182,55,6,0,0,0,317,0,39
"New Mexico","Lea",1999,121,111,10,0,0,0,0,62,47,26,0,0,0,0,106,15
"New Mexico","Los Alamos",1999,102,102,0,0,0,0,0,33,24,14,0,0,0,0,102,0
"New Mexico","Luna",1999,59,55,4,0,0,0,0,90,33,16,0,0,0,0,0,59
"New Mexico","Otero",1999,52,51,0,0,1,0,0,175,29,13,0,0,0,0,0,52
"New Mexico","San Juan",1999,365,116,164,78,7,0,0,190,114,65,0,13,96,253,2,1
"New Mexico","Sandoval",1999,365,221,132,11,1,0,0,154,80,47,0,66,297,0,2,0
"New Mexico","Santa Fe",1999,364,363,1,0,0,0,0,54,23,13,142,0,0,0,120,102
"New Mexico","Taos",1999,163,163,0,0,0,0,0,35,19,11,0,0,0,0,0,163
"New Mexico","Valencia",1999,358,262,91,5,0,0,0,147,71,44,0,0,358,0,0,0
"New York","Albany",1999,364,286,59,16,3,0,0,190,74,38,0,41,264,29,30,0
"New York","Bronx",1999,365,165,174,18,6,2,0,201,90,52,0,171,52,91,51,0
"New York","Chautauqua",1999,365,136,142,68,19,0,0,200,140,62,0,0,169,188,8,0
"New York","Chemung",1999,365,297,52,14,2,0,0,151,77,37,0,0,322,43,0,0
"New York","Dutchess",1999,362,276,61,17,8,0,0,195,77,39,0,0,337,0,25,0
"New York","Erie",1999,365,135,127,85,18,0,0,200,128,64,0,80,97,175,13,0
"New York","Essex",1999,365,254,89,19,3,0,0,182,90,44,0,0,352,0,13,0
"New York","Hamilton",1999,364,301,52,11,0,0,0,150,64,37,0,0,356,8,0,0
"New York","Herkimer",1999,341,302,32,7,0,0,0,136,54,34,0,0,320,16,0,5
"New York","Jefferson",1999,266,201,42,17,6,0,0,182,93,42,0,0,266,0,0,0
"New York","Kings",1999,365,303,60,2,0,0,0,119,57,31,126,0,0,190,41,8
"New York","Madison",1999,361,289,60,11,1,0,0,151,74,38,0,0,342,19,0,0
"New York","Monroe",1999,365,239,84,37,5,0,0,164,102,38,36,0,139,172,18,0
"New York","Nassau",1999,365,267,97,1,0,0,0,111,65,40,3,293,0,29,39,1
"New York","New York",1999,365,126,199,23,13,4,0,225,105,57,1,169,53,84,58,0
"New York","Niagara",1999,365,270,65,24,6,0,0,166,90,40,0,0,286,49,29,1
"New York","Oneida",1999,364,305,49,9,1,0,0,151,61,35,0,0,332,0,32,0
"New York","Onondaga",1999,365,291,53,17,4,0,0,182,77,32,51,0,256,26,32,0
"New York","Orange",1999,207,141,39,19,7,1,0,209,105,44,0,0,207,0,0,0
"New York","Putnam",1999,361,287,48,13,12,1,0,201,87,31,0,0,203,158,0,0
"New York","Queens",1999,365,230,112,13,10,0,0,190,80,45,0,238,81,20,26,0
"New York","Rensselaer",1999,356,356,0,0,0,0,0,34,13,3,0,0,0,356,0,0
"New York","Richmond",1999,363,275,56,16,13,3,0,232,93,37,0,0,176,159,22,6
"New York","Saratoga",1999,351,288,39,19,5,0,0,187,84,37,0,0,351,0,0,0
"New York","Schenectady",1999,363,304,46,11,2,0,0,179,64,34,22,0,291,23,27,0
"New York","St. Lawrence",1999,23,19,4,0,0,0,0,70,58,25,0,0,0,0,23,0
"New York","Steuben",1999,108,87,21,0,0,0,0,79,62,28,0,0,0,0,108,0
"New York","Suffolk",1999,364,264,67,16,13,4,0,207,97,41,0,0,257,91,16,0
"New York","Ulster",1999,365,294,56,12,3,0,0,177,67,38,0,0,297,60,0,8
"New York","Wayne",1999,355,281,47,20,7,0,0,195,90,38,0,0,355,0,0,0
"New York","Westchester",1999,358,313,26,7,7,5,0,215,61,31,0,0,358,0,0,0
"North Carolina","Alamance",1999,99,37,58,4,0,0,0,120,89,59,0,0,0,0,99,0
"North Carolina","Alexander",1999,351,284,54,11,2,0,0,187,80,32,0,0,214,137,0,0
"North Carolina","Avery",1999,208,114,77,16,1,0,0,154,97,49,0,0,208,0,0,0
"North Carolina","Beaufort",1999,346,314,32,0,0,0,0,95,49,7,0,0,0,346,0,0
"North Carolina","Buncombe",1999,256,112,108,35,1,0,0,159,112,56,0,0,168,0,85,3
"North Carolina","Cabarrus",1999,114,45,68,1,0,0,0,113,85,53,0,0,0,0,110,4
"North Carolina","Caldwell",1999,214,70,85,44,15,0,0,195,143,71,0,0,214,0,0,0
"North Carolina","Camden",1999,214,126,54,29,5,0,0,197,112,48,0,0,214,0,0,0
"North Carolina","Caswell",1999,239,127,88,18,6,0,0,177,101,49,0,0,169,0,70,0
"North Carolina","Catawba",1999,118,45,71,2,0,0,0,115,89,59,0,0,0,0,112,6
"North Carolina","Chatham",1999,250,156,72,18,4,0,0,174,90,45,0,0,168,0,82,0
"North Carolina","Cumberland",1999,363,215,100,32,16,0,0,197,108,44,103,0,186,6,65,3
"North Carolina","Davidson",1999,111,40,67,4,0,0,0,124,88,56,0,0,0,0,100,11
"North Carolina","Davie",1999,210,82,63,42,20,3,0,235,151,67,0,0,210,0,0,0
"North Carolina","Duplin",1999,363,251,79,27,6,0,0,166,97,39,0,0,186,107,70,0
"North Carolina","Durham",1999,364,154,177,25,8,0,0,192,98,54,21,0,106,0,236,1
"North Carolina","Edgecombe",1999,356,255,61,33,7,0,0,195,108,35,0,0,188,121,34,13
"North Carolina","Forsyth",1999,365,122,184,42,15,2,0,205,115,60,4,25,132,17,187,0
"North Carolina","Franklin",1999,212,138,45,27,2,0,0,156,115,44,0,0,212,0,0,0
"North Carolina","Gaston",1999,117,45,71,1,0,0,0,109,87,54,0,0,0,0,116,1
"North Carolina","Granville",1999,207,131,58,18,0,0,0,147,100,44,0,0,207,0,0,0
"North Carolina","Guilford",1999,363,135,172,40,16,0,0,185,115,57,32,0,143,0,187,1
"North Carolina","Harnett",1999,56,55,1,0,0,0,0,60,38,22,0,0,0,0,0,56
"North Carolina","Haywood",1999,285,79,111,68,27,0,0,187,150,80,0,0,200,0,81,4
"North Carolina","Henderson",1999,58,58,0,0,0,0,0,46,37,20,0,0,0,0,0,58
"North Carolina","Jackson",1999,170,59,59,48,4,0,0,159,133,74,0,0,170,0,0,0
"North Carolina","Johnston",1999,362,260,60,24,16,2,0,203,105,33,0,0,209,153,0,0
"North Carolina","Lenoir",1999,249,139,80,24,6,0,0,192,105,48,0,0,191,0,58,0
"North Carolina","Lincoln",1999,212,143,50,15,4,0,0,172,93,46,0,0,212,0,0,0
"North Carolina","Martin",1999,212,135,56,19,2,0,0,174,97,46,0,0,212,0,0,0
"North Carolina","McDowell",1999,116,45,71,0,0,0,0,97,85,55,0,0,0,0,112,4
"North Carolina","Mecklenburg",1999,365,82,206,47,27,3,0,210,143,64,0,12,125,10,218,0
"North Carolina","Mitchell",1999,116,45,70,1,0,0,0,107,81,54,0,0,0,0,110,6
"North Carolina","Montgomery",1999,46,24,19,3,0,0,0,122,89,50,0,0,0,0,46,0
"North Carolina","New Hanover",1999,364,236,114,13,1,0,0,200,79,41,59,0,124,110,70,1
"North Carolina","Northampton",1999,208,114,54,31,9,0,0,177,122,49,0,0,208,0,0,0
"North Carolina","Onslow",1999,117,66,48,3,0,0,0,115,72,46,0,0,0,0,111,6
"North Carolina","Orange",1999,228,172,54,2,0,0,0,109,71,32,128,0,0,0,100,0
"North Carolina","Pasquotank",1999,91,65,24,2,0,0,0,116,73,30,0,0,0,0,61,30
"North Carolina","Person",1999,212,97,63,36,16,0,0,192,140,58,0,0,212,0,0,0
"North Carolina","Pitt",1999,242,135,73,24,10,0,0,177,112,46,0,0,188,0,41,13
"North Carolina","Robeson",1999,91,36,54,1,0,0,0,114,80,57,0,0,0,0,91,0
"North Carolina","Rockingham",1999,210,138,62,8,2,0,0,187,87,44,0,0,210,0,0,0
"North Carolina","Rowan",1999,214,70,58,51,28,7,0,227,164,80,2,0,212,0,0,0
"North Carolina","Swain",1999,257,116,128,13,0,0,0,140,93,54,0,0,173,0,82,2
"North Carolina","Union",1999,188,95,53,27,13,0,0,187,133,50,0,0,188,0,0,0
"North Carolina","Wake",1999,362,133,156,41,23,9,0,220,143,58,20,0,157,0,185,0
"North Carolina","Wayne",1999,110,54,51,5,0,0,0,117,83,52,0,0,0,0,94,16
"North Carolina","Yancey",1999,179,41,93,35,10,0,0,185,133,74,0,0,179,0,0,0
"North Dakota","Billings",1999,365,350,15,0,0,0,0,77,47,36,0,0,358,7,0,0
"North Dakota","Burke",1999,316,305,11,0,0,0,0,71,34,9,0,100,0,168,25,23
"North Dakota","Burleigh",1999,93,80,13,0,0,0,0,77,52,23,0,0,0,0,93,0
"North Dakota","Cass",1999,361,314,47,0,0,0,0,100,52,35,0,25,287,0,48,1
"North Dakota","Dunn",1999,365,357,8,0,0,0,0,67,45,35,0,1,361,3,0,0
"North Dakota","Grand Forks",1999,93,67,26,0,0,0,0,89,59,34,0,0,0,0,93,0
"North Dakota","McKenzie",1999,363,356,4,3,0,0,0,127,16,6,0,0,0,333,0,30
"North Dakota","McLean",1999,365,363,2,0,0,0,0,82,19,3,0,0,0,323,0,42
"North Dakota","Mercer",1999,365,321,37,7,0,0,0,128,58,35,0,24,212,115,14,0
"North Dakota","Morton",1999,365,213,120,32,0,0,0,144,97,39,0,0,0,365,0,0
"North Dakota","Oliver",1999,365,327,34,4,0,0,0,129,51,36,0,0,320,45,0,0
"North Dakota","Steele",1999,365,341,24,0,0,0,0,93,48,34,0,1,342,0,22,0
"North Dakota","Williams",1999,365,330,26,6,3,0,0,200,50,11,0,0,0,365,0,0
"Ohio","Adams",1999,365,282,59,24,0,0,0,128,82,20,0,0,0,365,0,0
"Ohio","Allen",1999,359,274,49,29,7,0,0,192,101,33,0,0,208,133,0,18
"Ohio","Ashtabula",1999,363,258,63,34,8,0,0,197,105,36,0,0,191,172,0,0
"Ohio","Athens",1999,108,56,50,2,0,0,0,127,72,50,0,0,0,0,100,8
"Ohio","Belmont",1999,96,75,11,10,0,0,0,133,102,26,0,0,0,43,0,53
"Ohio","Butler",1999,365,91,214,41,18,1,0,221,119,65,0,0,129,76,156,4
"Ohio","Clark",1999,362,256,58,34,14,0,0,200,108,37,0,0,206,156,0,0
"Ohio","Clermont",1999,365,219,88,42,14,2,0,213,126,44,0,0,190,175,0,0
"Ohio","Clinton",1999,214,86,69,39,20,0,0,195,150,64,0,0,214,0,0,0
"Ohio","Columbiana",1999,346,223,80,39,4,0,0,200,105,30,0,0,0,322,0,24
"Ohio","Cuyahoga",1999,365,56,213,84,12,0,0,200,123,75,0,15,39,95,197,19
"Ohio","Delaware",1999,207,117,50,24,13,3,0,226,133,47,0,0,207,0,0,0
"Ohio","Erie",1999,32,27,5,0,0,0,0,89,55,26,0,0,0,0,0,32
"Ohio","Franklin",1999,365,78,227,45,13,2,0,208,119,65,2,0,110,3,240,10
"Ohio","Geauga",1999,212,125,54,22,10,1,0,202,126,44,0,0,212,0,0,0
"Ohio","Greene",1999,236,136,63,27,10,0,0,177,122,47,0,0,211,0,0,25
"Ohio","Hamilton",1999,365,62,233,59,10,1,0,209,115,71,0,31,93,58,183,0
"Ohio","Hancock",1999,48,48,0,0,0,0,0,33,28,19,0,0,0,0,0,48
"Ohio","Jefferson",1999,365,85,185,78,17,0,0,200,131,71,4,0,66,168,125,2
"Ohio","Knox",1999,214,124,60,23,6,1,0,202,119,47,0,0,214,0,0,0
"Ohio","Lake",1999,365,137,136,74,16,2,0,214,132,64,3,0,109,209,44,0
"Ohio","Lawrence",1999,365,209,96,44,16,0,0,195,122,46,0,0,184,139,35,7
"Ohio","Licking",1999,206,111,60,28,7,0,0,187,126,49,0,0,206,0,0,0
"Ohio","Logan",1999,209,158,36,14,1,0,0,151,90,33,0,0,209,0,0,0
"Ohio","Lorain",1999,365,234,98,29,3,1,0,207,96,42,0,0,152,132,64,17
"Ohio","Lucas",1999,365,150,179,32,2,2,0,207,100,55,3,0,112,66,167,17
"Ohio","Madison",1999,210,101,59,39,11,0,0,187,136,51,0,0,210,0,0,0
"Ohio","Mahoning",1999,365,95,237,27,6,0,0,177,99,62,0,0,76,75,213,1
"Ohio","Medina",1999,213,140,51,16,6,0,0,174,101,44,0,0,213,0,0,0
"Ohio","Meigs",1999,359,280,54,25,0,0,0,138,87,21,0,0,0,359,0,0
"Ohio","Miami",1999,208,122,55,24,7,0,0,197,112,47,0,0,208,0,0,0
"Ohio","Monroe",1999,59,58,1,0,0,0,0,53,38,22,0,0,0,0,0,59
"Ohio","Montgomery",1999,365,106,217,33,7,2,0,207,105,61,2,0,125,21,216,1
"Ohio","Morgan",1999,348,285,38,21,4,0,0,171,85,17,0,0,0,348,0,0
"Ohio","Ottawa",1999,55,53,2,0,0,0,0,55,42,19,0,0,0,0,0,55
"Ohio","Portage",1999,245,109,92,29,14,1,0,208,133,54,0,0,181,0,64,0
"Ohio","Preble",1999,232,118,90,21,3,0,0,154,101,50,0,0,184,0,48,0
"Ohio","Richland",1999,160,159,1,0,0,0,0,55,36,19,0,0,0,0,0,160
"Ohio","Sandusky",1999,65,56,9,0,0,0,0,70,56,27,0,0,0,0,0,65
"Ohio","Scioto",1999,365,250,99,15,1,0,0,160,87,31,0,0,0,184,96,85
"Ohio","Seneca",1999,136,124,11,1,0,0,0,108,48,22,0,0,0,0,0,136
"Ohio","Stark",1999,364,176,141,36,10,1,0,207,112,51,3,0,171,105,72,13
"Ohio","Summit",1999,365,79,191,84,11,0,0,179,128,74,0,0,69,124,171,1
"Ohio","Trumbull",1999,351,109,201,31,10,0,0,182,105,58,0,0,131,0,218,2
"Ohio","Tuscarawas",1999,335,273,47,15,0,0,0,129,67,21,0,0,0,335,0,0
"Ohio","Union",1999,212,129,53,25,4,1,0,201,119,46,0,0,212,0,0,0
"Ohio","Warren",1999,214,100,66,38,10,0,0,195,133,54,0,0,214,0,0,0
"Ohio","Washington",1999,281,179,59,35,7,1,0,214,115,45,0,0,198,0,0,83
"Ohio","Wood",1999,214,140,48,20,6,0,0,177,115,44,0,0,214,0,0,0
"Ohio","Wyandot",1999,169,166,3,0,0,0,0,67,42,19,0,0,0,0,0,169
"Oklahoma","Canadian",1999,14,11,3,0,0,0,0,69,68,36,0,0,0,0,14,0
"Oklahoma","Carter",1999,21,14,7,0,0,0,0,75,67,44,0,0,0,0,21,0
"Oklahoma","Cherokee",1999,182,108,42,26,6,0,0,190,122,44,1,28,119,0,7,27
"Oklahoma","Cleveland",1999,365,284,62,18,1,0,0,156,80,42,0,89,276,0,0,0
"Oklahoma","Comanche",1999,365,277,61,27,0,0,0,147,87,40,0,0,355,0,10,0
"Oklahoma","Custer",1999,38,29,9,0,0,0,0,67,56,35,0,0,0,0,38,0
"Oklahoma","Garfield",1999,350,341,9,0,0,0,0,67,34,17,0,315,0,0,35,0
"Oklahoma","Jefferson",1999,165,91,50,22,2,0,0,156,112,47,0,0,165,0,0,0
"Oklahoma","Kay",1999,357,301,42,10,4,0,0,187,61,27,0,11,34,236,24,52
"Oklahoma","Latimer",1999,353,331,19,3,0,0,0,119,46,30,0,0,353,0,0,0
"Oklahoma","Love",1999,245,151,57,30,7,0,0,185,112,45,0,0,245,0,0,0
"Oklahoma","Marshall",1999,230,121,69,34,6,0,0,200,119,50,0,0,230,0,0,0
"Oklahoma","Mayes",1999,349,333,16,0,0,0,0,72,34,19,0,323,0,0,26,0
"Oklahoma","McClain",1999,343,282,32,26,3,0,0,182,84,37,0,0,343,0,0,0
"Oklahoma","Muskogee",1999,365,323,39,3,0,0,0,119,54,21,0,233,0,107,25,0
"Oklahoma","Oklahoma",1999,365,211,128,23,3,0,0,159,87,47,7,79,213,0,66,0
"Oklahoma","Osage",1999,250,228,17,4,1,0,0,165,50,13,0,0,0,250,0,0
"Oklahoma","Ottawa",1999,18,11,7,0,0,0,0,86,71,44,0,0,0,0,18,0
"Oklahoma","Payne",1999,39,28,11,0,0,0,0,76,61,40,0,0,0,0,39,0
"Oklahoma","Pittsburg",1999,69,38,31,0,0,0,0,93,71,46,0,0,0,0,69,0
"Oklahoma","Pottawatomie",1999,37,24,13,0,0,0,0,78,66,43,0,0,0,0,37,0
"Oklahoma","Tulsa",1999,365,129,158,61,17,0,0,195,120,62,1,44,137,126,57,0
"Oregon","Benton",1999,111,96,14,1,0,0,0,114,57,19,0,0,0,0,111,0
"Oregon","Clackamas",1999,187,168,14,5,0,0,0,133,51,33,0,0,153,0,0,34
"Oregon","Columbia",1999,288,269,19,0,0,0,0,97,44,25,0,0,131,0,157,0
"Oregon","Deschutes",1999,227,181,46,0,0,0,0,82,60,32,61,0,0,0,106,60
"Oregon","Jackson",1999,365,227,119,15,4,0,0,155,80,43,81,0,92,0,182,10
"Oregon","Josephine",1999,216,196,20,0,0,0,0,88,50,30,154,0,0,0,33,29
"Oregon","Klamath",1999,265,207,53,5,0,0,0,141,70,28,58,0,0,0,172,35
"Oregon","Lake",1999,208,171,33,2,2,0,0,154,65,25,0,0,0,0,123,85
"Oregon","Lane",1999,365,206,139,13,7,0,0,160,80,46,10,0,111,0,242,2
"Oregon","Linn",1999,22,12,9,1,0,0,0,109,98,48,0,0,0,0,22,0
"Oregon","Marion",1999,361,312,46,3,0,0,0,112,55,31,88,0,148,0,125,0
"Oregon","Multnomah",1999,365,275,84,5,1,0,0,159,61,34,88,23,0,0,251,3
"Oregon","Umatilla",1999,175,139,35,1,0,0,0,146,63,29,0,0,0,0,93,82
"Oregon","Union",1999,197,178,19,0,0,0,0,71,49,25,0,0,0,0,121,76
"Oregon","Wasco",1999,3,3,0,0,0,0,0,37,37,34,0,0,0,0,3,0
"Oregon","Washington",1999,269,235,32,2,0,0,0,138,54,22,0,0,0,0,269,0
"Pennsylvania","Adams",1999,318,199,116,3,0,0,0,124,74,38,7,43,0,0,268,0
"Pennsylvania","Allegheny",1999,365,50,187,97,29,2,0,219,143,81,0,10,95,182,77,1
"Pennsylvania","Armstrong",1999,210,104,65,23,17,1,0,202,136,51,0,0,210,0,0,0
"Pennsylvania","Beaver",1999,365,87,128,119,29,2,0,216,144,89,0,24,91,250,0,0
"Pennsylvania","Berks",1999,365,195,118,36,14,2,0,215,111,48,0,101,146,78,40,0
"Pennsylvania","Blair",1999,359,237,94,22,6,0,0,192,90,44,1,74,182,102,0,0
"Pennsylvania","Bucks",1999,358,257,62,19,13,7,0,222,108,42,2,156,153,16,31,0
"Pennsylvania","Cambria",1999,365,190,131,35,8,1,0,203,105,49,2,77,153,97,36,0
"Pennsylvania","Centre",1999,214,133,56,23,2,0,0,172,105,46,0,0,214,0,0,0
"Pennsylvania","Clearfield",1999,214,139,52,22,1,0,0,156,105,46,0,0,214,0,0,0
"Pennsylvania","Dauphin",1999,365,182,136,31,14,2,0,210,112,51,0,100,127,15,123,0
"Pennsylvania","Delaware",1999,364,172,148,25,17,2,0,213,107,52,0,68,120,136,40,0
"Pennsylvania","Erie",1999,365,184,107,61,12,1,0,205,123,50,10,66,136,141,12,0
"Pennsylvania","Franklin",1999,210,83,68,41,17,1,0,203,147,64,0,0,210,0,0,0
"Pennsylvania","Greene",1999,207,58,87,45,16,1,0,202,150,77,0,1,182,24,0,0
"Pennsylvania","Lackawanna",1999,365,217,116,20,12,0,0,187,93,44,0,86,160,18,101,0
"Pennsylvania","Lancaster",1999,365,231,94,23,14,3,0,213,108,43,0,113,165,38,49,0
"Pennsylvania","Lawrence",1999,365,214,108,39,3,1,0,202,102,44,0,109,143,113,0,0
"Pennsylvania","Lehigh",1999,365,178,143,27,15,2,0,213,108,51,2,69,142,63,89,0
"Pennsylvania","Luzerne",1999,365,216,122,19,7,1,0,201,90,45,0,61,154,33,117,0
"Pennsylvania","Lycoming",1999,360,298,51,11,0,0,0,140,65,34,0,0,204,156,0,0
"Pennsylvania","Mercer",1999,286,172,89,17,8,0,0,174,97,44,0,0,192,94,0,0
"Pennsylvania","Monroe",1999,151,61,56,16,16,2,0,216,154,61,0,0,150,1,0,0
"Pennsylvania","Montgomery",1999,364,254,69,22,16,3,0,210,108,39,2,143,154,20,45,0
"Pennsylvania","Northampton",1999,365,196,123,26,16,4,0,217,115,47,0,69,152,63,81,0
"Pennsylvania","Perry",1999,360,268,58,23,11,0,0,190,100,32,0,88,200,72,0,0
"Pennsylvania","Philadelphia",1999,365,127,201,24,11,2,0,214,101,58,1,114,77,30,136,7
"Pennsylvania","Schuylkill",1999,362,337,23,2,0,0,0,138,44,19,17,0,0,345,0,0
"Pennsylvania","Tioga",1999,143,88,37,17,1,0,0,151,115,47,0,0,143,0,0,0
"Pennsylvania","Warren",1999,362,165,106,80,11,0,0,198,124,57,0,0,0,362,0,0
"Pennsylvania","Washington",1999,365,88,196,66,14,1,0,204,118,70,0,10,108,187,60,0
"Pennsylvania","Westmoreland",1999,365,191,120,38,14,2,0,230,112,48,0,73,144,119,29,0
"Pennsylvania","York",1999,362,209,116,27,9,1,0,205,101,48,0,136,131,48,47,0
"Puerto Rico","Barceloneta",1999,238,236,2,0,0,0,0,64,34,19,0,0,0,204,0,34
"Puerto Rico","Bayamon",1999,327,284,38,4,1,0,0,162,54,26,0,0,0,255,54,18
"Puerto Rico","Carolina",1999,38,37,1,0,0,0,0,52,40,21,0,0,0,0,0,38
"Puerto Rico","Catano",1999,348,306,39,3,0,0,0,140,52,25,0,76,127,122,0,23
"Puerto Rico","Fajardo",1999,217,186,31,0,0,0,0,67,54,19,0,0,0,0,83,134
"Puerto Rico","Guayama",1999,113,92,21,0,0,0,0,91,54,25,0,0,0,0,80,33
"Puerto Rico","Guayanilla",1999,78,68,10,0,0,0,0,61,54,29,0,0,0,0,78,0
"Puerto Rico","Guaynabo",1999,349,263,86,0,0,0,0,75,59,41,0,0,0,0,219,130
"Puerto Rico","Humacao",1999,47,43,4,0,0,0,0,57,40,16,0,0,0,0,0,47
"Puerto Rico","Lares",1999,55,50,5,0,0,0,0,64,49,24,0,0,0,0,55,0
"Puerto Rico","Manati",1999,55,52,3,0,0,0,0,52,42,22,0,0,0,0,0,55
"Puerto Rico","Mayagnez",1999,84,66,18,0,0,0,0,72,58,36,0,0,0,0,84,0
"Puerto Rico","Ponce",1999,104,81,23,0,0,0,0,74,57,35,0,0,0,0,66,38
"Puerto Rico","Rio Grande",1999,44,44,0,0,0,0,0,49,32,17,0,0,0,0,0,44
"Puerto Rico","San Juan",1999,353,174,176,3,0,0,0,111,78,51,171,0,0,0,119,63
"Rhode Island","Kent",1999,208,163,25,13,6,1,0,208,97,38,0,10,131,0,52,15
"Rhode Island","Providence",1999,365,220,127,16,2,0,0,177,79,46,2,122,51,41,147,2
"Rhode Island","Washington",1999,198,148,33,7,8,2,0,214,92,40,0,0,151,0,47,0
"South Carolina","Abbeville",1999,238,113,82,37,6,0,0,187,119,54,0,0,238,0,0,0
"South Carolina","Aiken",1999,334,242,52,37,3,0,0,190,108,35,0,69,207,41,0,17
"South Carolina","Anderson",1999,326,198,68,46,13,1,0,208,122,44,0,0,326,0,0,0
"South Carolina","Barnwell",1999,360,264,62,29,5,0,0,174,100,38,0,6,338,11,0,5
"South Carolina","Beaufort",1999,75,43,29,3,0,0,0,112,72,47,0,0,0,0,75,0
"South Carolina","Berkeley",1999,355,270,61,21,3,0,0,179,84,36,0,0,355,0,0,0
"South Carolina","Charleston",1999,364,167,182,14,1,0,0,151,81,52,0,12,100,4,247,1
"South Carolina","Cherokee",1999,287,163,82,34,8,0,0,195,115,46,0,0,287,0,0,0
"South Carolina","Chester",1999,233,104,77,37,14,1,0,214,126,58,0,0,233,0,0,0
"South Carolina","Colleton",1999,222,116,75,30,1,0,0,151,112,50,0,0,183,0,39,0
"South Carolina","Darlington",1999,359,239,78,33,9,0,0,172,105,41,0,0,359,0,0,0
"South Carolina","Edgefield",1999,359,226,100,28,5,0,0,185,100,45,0,0,313,0,46,0
"South Carolina","Fairfield",1999,58,58,0,0,0,0,0,48,34,21,0,0,0,0,0,58
"South Carolina","Florence",1999,94,39,55,0,0,0,0,99,77,55,0,0,0,0,94,0
"South Carolina","Georgetown",1999,349,266,78,5,0,0,0,132,64,33,0,0,0,35,104,210
"South Carolina","Greenville",1999,365,195,165,5,0,0,0,106,83,48,6,151,0,6,186,16
"South Carolina","Greenwood",1999,102,31,70,1,0,0,0,102,82,55,0,0,0,0,102,0
"South Carolina","Lexington",1999,363,166,182,14,1,0,0,165,81,53,0,0,0,98,86,179
"South Carolina","Oconee",1999,360,202,116,37,5,0,0,169,105,47,0,0,327,1,32,0
"South Carolina","Pickens",1999,191,69,70,43,9,0,0,197,140,67,0,0,191,0,0,0
"South Carolina","Richland",1999,365,168,144,42,11,0,0,192,126,54,1,36,199,14,70,45
"South Carolina","Spartanburg",1999,352,123,179,40,9,1,0,205,115,59,0,0,150,0,200,2
"South Carolina","Union",1999,360,253,79,25,2,1,0,203,97,41,0,0,360,0,0,0
"South Carolina","Williamsburg",1999,212,150,50,12,0,0,0,150,80,41,0,0,212,0,0,0
"South Carolina","York",1999,274,133,107,29,5,0,0,185,108,51,0,0,201,0,67,6
"South Dakota","Brookings",1999,126,105,20,1,0,0,0,123,58,30,0,0,0,0,64,62
"South Dakota","Jackson",1999,95,93,2,0,0,0,0,55,28,13,0,0,0,0,95,0
"South Dakota","Minnehaha",1999,324,261,63,0,0,0,0,98,60,36,0,0,222,0,86,16
"South Dakota","Pennington",1999,240,180,58,2,0,0,0,111,64,37,0,0,0,0,96,144
"Tennessee","Anderson",1999,365,202,83,65,15,0,0,190,127,47,0,0,227,138,0,0
"Tennessee","Blount",1999,365,80,150,93,37,5,0,217,154,81,0,1,234,92,38,0
"Tennessee","Bradley",1999,359,288,51,20,0,0,0,135,77,33,0,188,0,150,0,21
"Tennessee","Coffee",1999,13,13,0,0,0,0,0,34,33,28,0,0,12,1,0,0
"Tennessee","Davidson",1999,365,120,186,39,20,0,0,195,114,61,27,55,155,9,113,6
"Tennessee","Dickson",1999,284,136,64,61,22,1,0,202,147,54,0,7,267,10,0,0
"Tennessee","Dyer",1999,28,11,17,0,0,0,0,94,75,52,0,0,0,0,28,0
"Tennessee","Greene",1999,55,55,0,0,0,0,0,48,43,25,0,0,0,0,0,55
"Tennessee","Hamilton",1999,287,103,126,43,13,2,0,203,126,63,0,0,200,0,84,3
"Tennessee","Hawkins",1999,336,217,48,59,12,0,0,200,123,23,0,0,0,336,0,0
"Tennessee","Haywood",1999,230,100,80,34,16,0,0,192,140,64,0,0,230,0,0,0
"Tennessee","Humphreys",1999,360,316,29,14,1,0,0,165,59,11,0,0,0,360,0,0
"Tennessee","Jefferson",1999,217,90,61,50,14,2,0,210,140,67,0,0,217,0,0,0
"Tennessee","Knox",1999,365,126,147,61,30,1,0,207,140,66,65,0,191,0,109,0
"Tennessee","Lawrence",1999,270,91,103,55,19,2,0,209,150,64,0,0,214,0,56,0
"Tennessee","Madison",1999,105,52,51,2,0,0,0,106,79,51,0,0,0,0,85,20
"Tennessee","Maury",1999,98,37,57,4,0,0,0,122,80,54,0,0,0,0,98,0
"Tennessee","McMinn",1999,354,256,66,31,1,0,0,175,99,34,0,156,0,163,0,35
"Tennessee","Montgomery",1999,364,287,72,5,0,0,0,147,67,21,0,0,0,253,109,2
"Tennessee","Polk",1999,365,271,78,14,2,0,0,200,75,33,0,0,0,365,0,0
"Tennessee","Putnam",1999,251,90,99,53,8,1,0,201,129,71,0,0,232,0,19,0
"Tennessee","Roane",1999,365,206,97,50,12,0,0,192,119,43,0,17,128,161,45,14
"Tennessee","Rutherford",1999,229,109,73,36,11,0,0,200,126,54,0,0,229,0,0,0
"Tennessee","Sevier",1999,353,143,98,71,40,1,0,202,151,64,0,0,353,0,0,0
"Tennessee","Shelby",1999,365,82,204,56,21,2,0,205,133,70,2,22,151,53,134,3
"Tennessee","Stewart",1999,362,352,9,1,0,0,0,111,27,10,0,0,0,362,0,0
"Tennessee","Sullivan",1999,365,80,149,123,13,0,0,200,133,87,3,10,116,211,25,0
"Tennessee","Sumner",1999,365,129,125,82,27,2,0,205,145,68,0,18,181,113,53,0
"Tennessee","Union",1999,356,262,93,1,0,0,0,112,64,33,0,0,0,0,0,356
"Tennessee","Williamson",1999,239,95,84,47,13,0,0,195,140,64,0,0,239,0,0,0
"Tennessee","Wilson",1999,243,117,62,52,11,1,0,215,136,54,0,0,243,0,0,0
"Texas","Bexar",1999,364,230,99,27,8,0,0,187,100,45,3,94,234,0,29,4
"Texas","Bowie",1999,110,93,17,0,0,0,0,91,56,11,0,0,0,82,28,0
"Texas","Brazoria",1999,354,288,39,18,5,4,0,220,80,31,0,0,353,0,1,0
"Texas","Brewster",1999,358,304,52,2,0,0,0,105,58,42,0,0,342,0,16,0
"Texas","Caldwell",1999,19,13,6,0,0,0,0,66,65,43,0,0,0,0,19,0
"Texas","Cameron",1999,364,337,27,0,0,0,0,93,47,26,14,0,319,15,0,16
"Texas","Cass",1999,90,90,0,0,0,0,0,47,17,9,0,0,0,90,0,0
"Texas","Collin",1999,364,250,71,28,12,3,0,222,108,41,0,0,353,0,6,5
"Texas","Culberson",1999,100,95,3,2,0,0,0,140,39,22,0,0,0,0,100,0
"Texas","Dallas",1999,365,154,161,25,22,3,0,213,122,54,0,93,156,0,112,4
"Texas","Denton",1999,365,231,75,35,19,5,0,222,129,44,0,29,336,0,0,0
"Texas","Ector",1999,36,28,8,0,0,0,0,59,53,33,0,0,0,0,36,0
"Texas","El Paso",1999,365,131,213,20,1,0,0,151,94,58,25,65,177,15,28,55
"Texas","Ellis",1999,365,165,117,63,19,1,0,203,126,54,0,0,226,136,0,3
"Texas","Galveston",1999,365,182,130,29,18,6,0,227,119,51,0,4,239,112,6,4
"Texas","Gregg",1999,352,210,81,43,15,3,0,209,126,44,0,6,333,13,0,0
"Texas","Harris",1999,365,120,148,43,30,24,0,271,185,63,1,75,191,55,32,11
"Texas","Hidalgo",1999,365,315,43,7,0,0,0,129,61,32,0,0,354,0,0,11
"Texas","Jefferson",1999,365,161,139,59,6,0,0,200,111,54,0,13,124,228,0,0
"Texas","Lubbock",1999,71,71,0,0,0,0,0,46,38,19,0,0,0,0,23,48
"Texas","Marion",1999,363,224,92,40,7,0,0,182,105,44,0,13,323,0,27,0
"Texas","Montgomery",1999,86,54,24,5,2,1,0,201,100,44,0,3,82,0,1,0
"Texas","Nueces",1999,365,283,58,18,6,0,0,189,87,37,0,0,318,28,0,19
"Texas","Orange",1999,365,338,27,0,0,0,0,90,47,31,0,91,274,0,0,0
"Texas","Smith",1999,359,236,67,38,17,1,0,216,119,43,0,8,351,0,0,0
"Texas","Tarrant",1999,365,201,111,30,19,4,0,232,122,48,0,88,203,0,71,3
"Texas","Travis",1999,365,223,94,30,18,0,0,195,112,44,0,3,315,0,47,0
"Texas","Victoria",1999,333,270,44,15,4,0,0,185,74,35,0,0,333,0,0,0
"Texas","Webb",1999,362,301,61,0,0,0,0,100,56,36,53,0,287,0,6,16
"Utah","Cache",1999,301,245,56,0,0,0,0,100,61,40,92,0,151,0,0,58
"Utah","Davis",1999,365,237,115,11,2,0,0,185,74,46,6,195,135,7,22,0
"Utah","Garfield",1999,86,86,0,0,0,0,0,34,21,11,0,0,0,0,86,0
"Utah","Grand",1999,49,47,2,0,0,0,0,54,41,19,0,0,0,0,0,49
"Utah","Salt Lake",1999,365,113,216,33,2,1,0,206,100,58,2,106,130,2,70,55
"Utah","San Juan",1999,331,197,129,5,0,0,0,133,84,48,0,0,317,0,14,0
"Utah","Tooele",1999,100,91,9,0,0,0,0,89,45,21,0,0,0,0,100,0
"Utah","Utah",1999,365,156,183,23,3,0,0,156,93,54,18,119,138,0,68,22
"Utah","Weber",1999,365,152,201,12,0,0,0,150,80,53,44,148,128,0,31,14
"Vermont","Bennington",1999,277,184,75,15,3,0,0,172,79,43,0,0,191,0,83,3
"Vermont","Chittenden",1999,361,299,53,8,1,0,0,156,66,37,0,149,183,0,29,0
"Vermont","Rutland",1999,345,298,46,1,0,0,0,119,55,26,4,184,0,63,86,8
"Vermont","Washington",1999,118,77,40,1,0,0,0,108,66,37,0,0,0,0,112,6
"Virgin Islands","St Croix",1999,360,288,67,5,0,0,0,132,69,24,0,0,0,336,17,7
"Virgin Islands","St John",1999,354,344,10,0,0,0,0,79,36,22,0,0,313,0,41,0
"Virgin Islands","St Thomas",1999,54,51,3,0,0,0,0,79,47,16,0,0,0,0,0,54
"Virginia","Alexandria City",1999,364,234,93,29,8,0,0,192,101,44,1,222,102,39,0,0
"Virginia","Arlington",1999,364,209,105,31,19,0,0,200,115,47,5,198,119,0,42,0
"Virginia","Bristol City",1999,92,30,60,2,0,0,0,122,82,57,0,0,0,0,92,0
"Virginia","Caroline",1999,349,244,59,33,13,0,0,195,112,35,0,139,210,0,0,0
"Virginia","Carroll",1999,60,60,0,0,0,0,0,37,30,17,0,0,0,0,0,60
"Virginia","Charles",1999,351,222,83,33,12,1,0,223,119,44,0,74,164,73,40,0
"Virginia","Charlottesville City",1999,54,54,0,0,0,0,0,47,30,17,0,0,0,0,0,54
"Virginia","Chesapeake City",1999,283,150,128,5,0,0,0,120,72,48,0,0,0,0,269,14
"Virginia","Chesterfield",1999,232,129,66,28,9,0,0,185,119,49,0,0,198,0,34,0
"Virginia","Culpeper",1999,58,58,0,0,0,0,0,37,29,16,0,0,0,0,0,58
"Virginia","Fairfax",1999,365,165,143,36,20,1,0,210,129,54,0,91,144,36,94,0
"Virginia","Fauquier",1999,208,102,63,36,7,0,0,174,122,51,0,0,208,0,0,0
"Virginia","Frederick",1999,213,113,64,33,3,0,0,169,112,50,0,0,213,0,0,0
"Virginia","Fredericksburg City",1999,60,60,0,0,0,0,0,36,30,16,0,0,0,0,0,60
"Virginia","Hampton City",1999,365,254,72,28,9,2,0,203,105,40,11,0,185,120,46,3
"Virginia","Hanover",1999,213,107,52,36,17,1,0,204,140,50,0,0,213,0,0,0
"Virginia","Henrico",1999,250,129,76,33,11,1,0,202,122,50,0,0,191,0,59,0
"Virginia","King William",1999,59,59,0,0,0,0,0,45,31,14,0,0,0,0,0,59
"Virginia","Loudoun",1999,364,242,79,36,6,1,0,201,112,42,0,139,178,0,47,0
"Virginia","Lynchburg City",1999,56,24,31,1,0,0,0,111,85,54,0,0,0,0,56,0
"Virginia","Madison",1999,353,184,102,53,14,0,0,190,126,50,0,0,332,7,14,0
"Virginia","Newport News City",1999,222,177,42,3,0,0,0,116,64,16,119,0,0,0,103,0
"Virginia","Norfolk City",1999,365,248,105,12,0,0,0,118,78,39,15,178,0,102,69,1
"Virginia","Northumberland",1999,59,59,0,0,0,0,0,49,35,12,0,0,0,0,0,59
"Virginia","Page",1999,111,56,35,16,4,0,0,177,119,50,0,0,104,0,7,0
"Virginia","Prince William",1999,358,253,57,40,8,0,0,177,108,37,0,150,205,0,0,3
"Virginia","Richmond City",1999,365,169,189,7,0,0,0,133,81,52,1,133,0,26,204,1
"Virginia","Roanoke",1999,363,285,45,27,6,0,0,185,97,34,0,198,142,23,0,0
"Virginia","Roanoke City",1999,364,314,50,0,0,0,0,95,57,15,267,0,0,0,84,13
"Virginia","Rockbridge",1999,229,94,109,24,2,0,0,182,105,57,0,0,161,0,68,0
"Virginia","Rockingham",1999,365,364,1,0,0,0,0,70,24,10,0,0,0,312,0,53
"Virginia","Salem City",1999,87,41,46,0,0,0,0,97,80,53,0,0,0,0,87,0
"Virginia","Stafford",1999,214,103,59,39,12,1,0,207,140,54,0,0,214,0,0,0
"Virginia","Suffolk City",1999,214,106,68,31,8,1,0,206,133,51,0,0,214,0,0,0
"Virginia","Tazewell",1999,29,29,0,0,0,0,0,33,27,13,0,0,0,0,0,29
"Virginia","Virginia Beach City",1999,92,46,44,2,0,0,0,113,78,51,0,0,0,0,92,0
"Virginia","Warren",1999,60,60,0,0,0,0,0,41,31,18,0,0,0,0,0,60
"Virginia","Winchester City",1999,59,59,0,0,0,0,0,45,32,19,0,0,0,0,0,59
"Virginia","Wise",1999,54,54,0,0,0,0,0,36,33,19,0,0,0,0,0,54
"Virginia","Wythe",1999,214,75,108,28,3,0,0,166,108,71,0,0,214,0,0,0
"Washington","Asotin",1999,56,47,9,0,0,0,0,68,54,27,0,0,0,0,0,56
"Washington","Benton",1999,322,297,23,1,1,0,0,176,44,18,0,0,0,0,49,273
"Washington","Chelan",1999,45,45,0,0,0,0,0,44,23,15,0,0,0,0,0,45
"Washington","Clallam",1999,363,354,9,0,0,0,0,71,38,27,0,0,308,42,13,0
"Washington","Clark",1999,365,328,34,3,0,0,0,111,51,29,172,0,132,0,61,0
"Washington","Cowlitz",1999,188,185,3,0,0,0,0,67,42,27,0,0,153,0,0,35
"Washington","King",1999,365,210,143,10,2,0,0,159,74,46,20,39,47,24,235,0
"Washington","Kitsap",1999,82,72,10,0,0,0,0,87,52,19,0,0,0,0,46,36
"Washington","Kittitas",1999,114,114,0,0,0,0,0,44,29,15,0,0,0,0,40,74
"Washington","Klickitat",1999,209,183,25,1,0,0,0,115,55,37,0,0,148,0,61,0
"Washington","Lewis",1999,109,107,2,0,0,0,0,77,42,28,0,0,109,0,0,0
"Washington","Pierce",1999,365,207,147,9,2,0,0,164,81,48,0,0,181,33,151,0
"Washington","Skagit",1999,361,319,38,4,0,0,0,121,55,27,0,0,242,117,2,0
"Washington","Snohomish",1999,365,323,39,3,0,0,0,148,54,31,275,0,0,11,79,0
"Washington","Spokane",1999,365,251,111,2,1,0,0,195,70,43,127,0,122,0,103,13
"Washington","Stevens",1999,101,98,2,1,0,0,0,126,41,22,0,0,0,0,0,101
"Washington","Thurston",1999,360,318,41,1,0,0,0,145,54,30,135,0,161,0,63,1
"Washington","Walla Walla",1999,113,92,20,0,1,0,0,172,55,23,0,0,0,0,0,113
"Washington","Whatcom",1999,293,268,25,0,0,0,0,79,47,28,0,0,117,109,63,4
"Washington","Yakima",1999,358,340,17,1,0,0,0,134,38,17,264,0,0,0,44,50
"West Virginia","Berkeley",1999,99,43,52,4,0,0,0,130,94,54,0,0,0,0,92,7
"West Virginia","Brooke",1999,365,109,157,84,15,0,0,200,127,67,0,0,0,283,58,24
"West Virginia","Cabell",1999,365,196,117,38,14,0,0,187,119,48,0,0,164,121,80,0
"West Virginia","Fayette",1999,16,16,0,0,0,0,0,30,25,13,0,0,0,0,0,16
"West Virginia","Greenbrier",1999,212,79,97,34,2,0,0,151,115,61,0,0,212,0,0,0
"West Virginia","Hancock",1999,365,29,151,158,27,0,0,200,137,101,0,0,43,302,19,1
"West Virginia","Harrison",1999,116,48,66,2,0,0,0,134,77,53,0,0,0,0,111,5
"West Virginia","Kanawha",1999,355,134,159,48,11,3,0,214,119,59,1,0,146,135,73,0
"West Virginia","Marshall",1999,365,128,122,101,14,0,0,200,132,64,0,0,0,305,60,0
"West Virginia","Monongalia",1999,365,227,96,35,7,0,0,188,104,39,0,0,0,289,76,0
"West Virginia","Ohio",1999,365,149,155,55,6,0,0,177,110,59,13,0,120,181,50,1
"West Virginia","Putnam",1999,15,15,0,0,0,0,0,34,31,11,0,0,0,0,0,15
"West Virginia","Raleigh",1999,118,62,53,3,0,0,0,127,82,49,0,0,0,0,116,2
"West Virginia","Summers",1999,108,72,35,1,0,0,0,110,74,38,0,0,0,0,98,10
"West Virginia","Tucker",1999,95,62,32,1,0,0,0,142,71,40,0,0,0,0,95,0
"West Virginia","Wayne",1999,365,139,178,45,3,0,0,200,103,57,0,8,0,357,0,0
"West Virginia","Wood",1999,365,132,132,71,29,1,0,209,140,62,0,0,112,210,43,0
"Wisconsin","Brown",1999,365,276,71,15,3,0,0,172,74,33,0,0,137,145,83,0
"Wisconsin","Columbia",1999,183,129,38,11,5,0,0,172,97,44,0,0,183,0,0,0
"Wisconsin","Dane",1999,357,252,90,12,3,0,0,174,79,36,48,0,145,63,100,1
"Wisconsin","Dodge",1999,223,144,61,13,5,0,0,172,93,45,0,0,163,0,60,0
"Wisconsin","Door",1999,235,173,39,9,13,1,0,208,100,38,0,0,174,0,61,0
"Wisconsin","Douglas",1999,122,100,22,0,0,0,0,89,58,30,0,0,0,0,109,13
"Wisconsin","Florence",1999,182,149,23,6,4,0,0,161,74,38,0,0,182,0,0,0
"Wisconsin","Fond du Lac",1999,184,130,36,13,5,0,0,179,100,44,0,0,184,0,0,0
"Wisconsin","Grant",1999,57,26,29,2,0,0,0,115,72,52,0,0,0,0,57,0
"Wisconsin","Jefferson",1999,237,127,82,21,7,0,0,195,112,48,0,0,163,0,74,0
"Wisconsin","Kenosha",1999,241,132,72,26,11,0,0,195,126,49,0,0,171,0,70,0
"Wisconsin","Kewaunee",1999,183,130,31,15,7,0,0,192,115,42,0,0,183,0,0,0
"Wisconsin","Manitowoc",1999,237,158,53,15,11,0,0,190,101,43,0,0,172,0,65,0
"Wisconsin","Marathon",1999,348,282,46,13,7,0,0,200,80,31,0,0,155,167,0,26
"Wisconsin","Milwaukee",1999,365,142,165,47,11,0,0,197,112,60,0,52,96,39,175,3
"Wisconsin","Oneida",1999,365,251,52,56,6,0,0,168,115,33,0,0,123,242,0,0
"Wisconsin","Outagamie",1999,240,167,55,12,6,0,0,182,84,41,0,0,165,0,75,0
"Wisconsin","Ozaukee",1999,215,130,57,14,14,0,0,192,126,44,0,0,166,0,49,0
"Wisconsin","Polk",1999,96,96,0,0,0,0,0,9,7,3,96,0,0,0,0,0
"Wisconsin","Racine",1999,360,304,33,17,6,0,0,185,80,24,177,0,183,0,0,0
"Wisconsin","Rock",1999,243,130,90,14,9,0,0,179,99,49,0,0,163,0,80,0
"Wisconsin","Sauk",1999,287,224,47,14,2,0,0,185,80,41,0,3,284,0,0,0
"Wisconsin","Sheboygan",1999,181,125,28,16,12,0,0,200,129,41,0,0,181,0,0,0
"Wisconsin","St. Croix",1999,204,151,45,8,0,0,0,133,75,40,0,0,169,0,35,0
"Wisconsin","Vernon",1999,194,150,35,8,1,0,0,174,80,40,0,0,180,0,0,14
"Wisconsin","Vilas",1999,298,256,34,7,1,0,0,154,58,37,0,0,269,0,26,3
"Wisconsin","Walworth",1999,180,112,44,18,5,1,0,205,108,46,0,0,180,0,0,0
"Wisconsin","Washington",1999,162,111,31,15,5,0,0,177,112,44,0,0,162,0,0,0
"Wisconsin","Waukesha",1999,365,259,80,19,7,0,0,192,85,36,121,0,150,0,93,1
"Wisconsin","Winnebago",1999,236,154,62,16,4,0,0,169,97,43,0,0,163,0,73,0
"Wisconsin","Wood",1999,359,292,54,10,3,0,0,198,67,16,0,0,0,260,99,0
"Wyoming","Albany",1999,150,146,4,0,0,0,0,71,35,15,0,0,0,0,84,66
"Wyoming","Campbell",1999,88,59,29,0,0,0,0,97,73,42,0,0,0,0,27,61
"Wyoming","Carbon",1999,60,50,6,0,0,2,1,540,64,23,0,0,0,0,0,60
"Wyoming","Converse",1999,60,56,4,0,0,0,0,64,46,22,0,0,0,0,3,57
"Wyoming","Fremont",1999,178,175,3,0,0,0,0,80,33,18,0,0,0,0,0,178
"Wyoming","Laramie",1999,109,106,3,0,0,0,0,65,37,22,0,0,0,0,102,7
"Wyoming","Lincoln",1999,359,343,14,2,0,0,0,140,39,17,0,0,0,0,0,359
"Wyoming","Natrona",1999,51,50,1,0,0,0,0,76,27,15,0,0,0,0,0,51
"Wyoming","Park",1999,50,50,0,0,0,0,0,38,25,10,0,0,0,0,0,50
"Wyoming","Platte",1999,60,60,0,0,0,0,0,42,30,13,0,0,0,0,0,60
"Wyoming","Sheridan",1999,283,225,58,0,0,0,0,98,59,31,0,0,0,0,102,181
"Wyoming","Sublette",1999,91,90,1,0,0,0,0,57,21,10,0,0,0,0,91,0
"Wyoming","Sweetwater",1999,63,58,5,0,0,0,0,63,48,26,0,0,0,0,0,63
"Wyoming","Teton",1999,355,256,95,4,0,0,0,126,68,45,0,0,351,0,2,2
